row_id,num_sold
22297,426.73380381738923
22298,118.93594164551543
22299,410.2597703830552
22300,739.201990522278
22301,207.1959047003182
22302,200.24999781523314
22303,363.5838749708385
22304,101.06902575900124
22305,349.8900460118872
22306,629.5446667474326
22307,176.4445726287266
22308,328.96070281925563
22309,599.644736624002
22310,166.79865408297454
22311,577.503097171989
22312,1039.011915433584
22313,291.13674910906343
22314,234.5067324243053
22315,426.73380381738923
22316,118.93594164551543
22317,410.2597703830552
22318,739.201990522278
22319,207.1959047003182
22320,200.24999781523314
22321,363.5838749708385
22322,101.06902575900124
22323,349.8900460118872
22324,629.5446667474326
22325,176.4445726287266
22326,328.96070281925563
22327,599.644736624002
22328,166.79865408297454
22329,577.503097171989
22330,1039.011915433584
22331,291.13674910906343
22332,234.5067324243053
22333,426.73380381738923
22334,118.93594164551543
22335,410.2597703830552
22336,739.201990522278
22337,207.1959047003182
22338,200.24999781523314
22339,363.5838749708385
22340,101.06902575900124
22341,349.8900460118872
22342,629.5446667474326
22343,176.4445726287266
22344,328.96070281925563
22345,599.644736624002
22346,166.79865408297454
22347,577.503097171989
22348,1039.011915433584
22349,291.13674910906343
22350,234.5067324243053
22351,426.73380381738923
22352,118.93594164551543
22353,410.2597703830552
22354,739.201990522278
22355,207.1959047003182
22356,200.24999781523314
22357,363.5838749708385
22358,101.06902575900124
22359,349.8900460118872
22360,629.5446667474326
22361,176.4445726287266
22362,328.96070281925563
22363,599.644736624002
22364,166.79865408297454
22365,577.503097171989
22366,1039.011915433584
22367,291.13674910906343
22368,234.5067324243053
22369,426.73380381738923
22370,118.93594164551543
22371,410.2597703830552
22372,739.201990522278
22373,207.1959047003182
22374,200.24999781523314
22375,363.5838749708385
22376,101.06902575900124
22377,349.8900460118872
22378,629.5446667474326
22379,176.4445726287266
22380,328.96070281925563
22381,599.644736624002
22382,166.79865408297454
22383,577.503097171989
22384,1039.011915433584
22385,291.13674910906343
22386,234.5067324243053
22387,426.73380381738923
22388,118.93594164551543
22389,410.2597703830552
22390,739.201990522278
22391,207.1959047003182
22392,200.24999781523314
22393,363.5838749708385
22394,101.06902575900124
22395,349.8900460118872
22396,629.5446667474326
22397,176.4445726287266
22398,328.96070281925563
22399,599.644736624002
22400,166.79865408297454
22401,577.503097171989
22402,1039.011915433584
22403,291.13674910906343
22404,234.5067324243053
22405,426.73380381738923
22406,118.93594164551543
22407,410.2597703830552
22408,739.201990522278
22409,207.1959047003182
22410,200.24999781523314
22411,363.5838749708385
22412,101.06902575900124
22413,349.8900460118872
22414,629.5446667474326
22415,176.4445726287266
22416,328.96070281925563
22417,599.644736624002
22418,166.79865408297454
22419,577.503097171989
22420,1039.011915433584
22421,291.13674910906343
22422,234.5067324243053
22423,426.73380381738923
22424,118.93594164551543
22425,410.2597703830552
22426,739.201990522278
22427,207.1959047003182
22428,200.24999781523314
22429,363.5838749708385
22430,101.06902575900124
22431,349.8900460118872
22432,629.5446667474326
22433,176.4445726287266
22434,328.96070281925563
22435,599.644736624002
22436,166.79865408297454
22437,577.503097171989
22438,1039.011915433584
22439,291.13674910906343
22440,234.5067324243053
22441,426.73380381738923
22442,118.93594164551543
22443,410.2597703830552
22444,739.201990522278
22445,207.1959047003182
22446,200.24999781523314
22447,363.5838749708385
22448,101.06902575900124
22449,349.8900460118872
22450,629.5446667474326
22451,176.4445726287266
22452,328.96070281925563
22453,599.644736624002
22454,166.79865408297454
22455,577.503097171989
22456,1039.011915433584
22457,291.13674910906343
22458,234.5067324243053
22459,426.73380381738923
22460,118.93594164551543
22461,410.2597703830552
22462,739.201990522278
22463,207.1959047003182
22464,200.24999781523314
22465,363.5838749708385
22466,101.06902575900124
22467,349.8900460118872
22468,629.5446667474326
22469,176.4445726287266
22470,328.96070281925563
22471,599.644736624002
22472,166.79865408297454
22473,577.503097171989
22474,1039.011915433584
22475,291.13674910906343
22476,234.5067324243053
22477,426.73380381738923
22478,118.93594164551543
22479,410.2597703830552
22480,739.201990522278
22481,207.1959047003182
22482,200.24999781523314
22483,363.5838749708385
22484,101.06902575900124
22485,349.8900460118872
22486,629.5446667474326
22487,176.4445726287266
22488,328.96070281925563
22489,599.644736624002
22490,166.79865408297454
22491,577.503097171989
22492,1039.011915433584
22493,291.13674910906343
22494,234.5067324243053
22495,426.73380381738923
22496,118.93594164551543
22497,410.2597703830552
22498,739.201990522278
22499,207.1959047003182
22500,200.24999781523314
22501,363.5838749708385
22502,101.06902575900124
22503,349.8900460118872
22504,629.5446667474326
22505,176.4445726287266
22506,328.96070281925563
22507,599.644736624002
22508,166.79865408297454
22509,577.503097171989
22510,1039.011915433584
22511,291.13674910906343
22512,234.5067324243053
22513,426.73380381738923
22514,118.93594164551543
22515,410.2597703830552
22516,739.201990522278
22517,207.1959047003182
22518,200.24999781523314
22519,363.5838749708385
22520,101.06902575900124
22521,349.8900460118872
22522,629.5446667474326
22523,176.4445726287266
22524,328.96070281925563
22525,599.644736624002
22526,166.79865408297454
22527,577.503097171989
22528,1039.011915433584
22529,291.13674910906343
22530,234.5067324243053
22531,426.73380381738923
22532,118.93594164551543
22533,410.2597703830552
22534,739.201990522278
22535,207.1959047003182
22536,200.24999781523314
22537,363.5838749708385
22538,101.06902575900124
22539,349.8900460118872
22540,629.5446667474326
22541,176.4445726287266
22542,328.96070281925563
22543,599.644736624002
22544,166.79865408297454
22545,577.503097171989
22546,1039.011915433584
22547,291.13674910906343
22548,234.5067324243053
22549,426.73380381738923
22550,118.93594164551543
22551,410.2597703830552
22552,739.201990522278
22553,207.1959047003182
22554,200.24999781523314
22555,363.5838749708385
22556,101.06902575900124
22557,349.8900460118872
22558,629.5446667474326
22559,176.4445726287266
22560,328.96070281925563
22561,599.644736624002
22562,166.79865408297454
22563,577.503097171989
22564,1039.011915433584
22565,291.13674910906343
22566,234.5067324243053
22567,426.73380381738923
22568,118.93594164551543
22569,410.2597703830552
22570,739.201990522278
22571,207.1959047003182
22572,200.24999781523314
22573,363.5838749708385
22574,101.06902575900124
22575,349.8900460118872
22576,629.5446667474326
22577,176.4445726287266
22578,328.96070281925563
22579,599.644736624002
22580,166.79865408297454
22581,577.503097171989
22582,1039.011915433584
22583,291.13674910906343
22584,234.5067324243053
22585,426.73380381738923
22586,118.93594164551543
22587,410.2597703830552
22588,739.201990522278
22589,207.1959047003182
22590,200.24999781523314
22591,363.5838749708385
22592,101.06902575900124
22593,349.8900460118872
22594,629.5446667474326
22595,176.4445726287266
22596,328.96070281925563
22597,599.644736624002
22598,166.79865408297454
22599,577.503097171989
22600,1039.011915433584
22601,291.13674910906343
22602,234.5067324243053
22603,426.73380381738923
22604,118.93594164551543
22605,410.2597703830552
22606,739.201990522278
22607,207.1959047003182
22608,200.24999781523314
22609,363.5838749708385
22610,101.06902575900124
22611,349.8900460118872
22612,629.5446667474326
22613,176.4445726287266
22614,328.96070281925563
22615,599.644736624002
22616,166.79865408297454
22617,577.503097171989
22618,1039.011915433584
22619,291.13674910906343
22620,234.5067324243053
22621,426.73380381738923
22622,118.93594164551543
22623,410.2597703830552
22624,739.201990522278
22625,207.1959047003182
22626,200.24999781523314
22627,363.5838749708385
22628,101.06902575900124
22629,349.8900460118872
22630,629.5446667474326
22631,176.4445726287266
22632,328.96070281925563
22633,599.644736624002
22634,166.79865408297454
22635,577.503097171989
22636,1039.011915433584
22637,291.13674910906343
22638,234.5067324243053
22639,426.73380381738923
22640,118.93594164551543
22641,410.2597703830552
22642,739.201990522278
22643,207.1959047003182
22644,200.24999781523314
22645,363.5838749708385
22646,101.06902575900124
22647,349.8900460118872
22648,629.5446667474326
22649,176.4445726287266
22650,328.96070281925563
22651,599.644736624002
22652,166.79865408297454
22653,577.503097171989
22654,1039.011915433584
22655,291.13674910906343
22656,234.5067324243053
22657,426.73380381738923
22658,118.93594164551543
22659,410.2597703830552
22660,739.201990522278
22661,207.1959047003182
22662,200.24999781523314
22663,363.5838749708385
22664,101.06902575900124
22665,349.8900460118872
22666,629.5446667474326
22667,176.4445726287266
22668,328.96070281925563
22669,599.644736624002
22670,166.79865408297454
22671,577.503097171989
22672,1039.011915433584
22673,291.13674910906343
22674,234.5067324243053
22675,426.73380381738923
22676,118.93594164551543
22677,410.2597703830552
22678,739.201990522278
22679,207.1959047003182
22680,200.24999781523314
22681,363.5838749708385
22682,101.06902575900124
22683,349.8900460118872
22684,629.5446667474326
22685,176.4445726287266
22686,328.96070281925563
22687,599.644736624002
22688,166.79865408297454
22689,577.503097171989
22690,1039.011915433584
22691,291.13674910906343
22692,234.5067324243053
22693,426.73380381738923
22694,118.93594164551543
22695,410.2597703830552
22696,739.201990522278
22697,207.1959047003182
22698,200.24999781523314
22699,363.5838749708385
22700,101.06902575900124
22701,349.8900460118872
22702,629.5446667474326
22703,176.4445726287266
22704,328.96070281925563
22705,599.644736624002
22706,166.79865408297454
22707,577.503097171989
22708,1039.011915433584
22709,291.13674910906343
22710,234.5067324243053
22711,426.73380381738923
22712,118.93594164551543
22713,410.2597703830552
22714,739.201990522278
22715,207.1959047003182
22716,200.24999781523314
22717,363.5838749708385
22718,101.06902575900124
22719,349.8900460118872
22720,629.5446667474326
22721,176.4445726287266
22722,328.96070281925563
22723,599.644736624002
22724,166.79865408297454
22725,577.503097171989
22726,1039.011915433584
22727,291.13674910906343
22728,234.5067324243053
22729,426.73380381738923
22730,118.93594164551543
22731,410.2597703830552
22732,739.201990522278
22733,207.1959047003182
22734,200.24999781523314
22735,363.5838749708385
22736,101.06902575900124
22737,349.8900460118872
22738,629.5446667474326
22739,176.4445726287266
22740,328.96070281925563
22741,599.644736624002
22742,166.79865408297454
22743,577.503097171989
22744,1039.011915433584
22745,291.13674910906343
22746,234.5067324243053
22747,426.73380381738923
22748,118.93594164551543
22749,410.2597703830552
22750,739.201990522278
22751,207.1959047003182
22752,200.24999781523314
22753,363.5838749708385
22754,101.06902575900124
22755,349.8900460118872
22756,629.5446667474326
22757,176.4445726287266
22758,328.96070281925563
22759,599.644736624002
22760,166.79865408297454
22761,577.503097171989
22762,1039.011915433584
22763,291.13674910906343
22764,234.5067324243053
22765,426.73380381738923
22766,118.93594164551543
22767,410.2597703830552
22768,739.201990522278
22769,207.1959047003182
22770,200.24999781523314
22771,363.5838749708385
22772,101.06902575900124
22773,349.8900460118872
22774,629.5446667474326
22775,176.4445726287266
22776,328.96070281925563
22777,599.644736624002
22778,166.79865408297454
22779,577.503097171989
22780,1039.011915433584
22781,291.13674910906343
22782,234.5067324243053
22783,426.73380381738923
22784,118.93594164551543
22785,410.2597703830552
22786,739.201990522278
22787,207.1959047003182
22788,200.24999781523314
22789,363.5838749708385
22790,101.06902575900124
22791,349.8900460118872
22792,629.5446667474326
22793,176.4445726287266
22794,328.96070281925563
22795,599.644736624002
22796,166.79865408297454
22797,577.503097171989
22798,1039.011915433584
22799,291.13674910906343
22800,234.5067324243053
22801,426.73380381738923
22802,118.93594164551543
22803,410.2597703830552
22804,739.201990522278
22805,207.1959047003182
22806,200.24999781523314
22807,363.5838749708385
22808,101.06902575900124
22809,349.8900460118872
22810,629.5446667474326
22811,176.4445726287266
22812,328.96070281925563
22813,599.644736624002
22814,166.79865408297454
22815,577.503097171989
22816,1039.011915433584
22817,291.13674910906343
22818,234.5067324243053
22819,426.73380381738923
22820,118.93594164551543
22821,410.2597703830552
22822,739.201990522278
22823,207.1959047003182
22824,200.24999781523314
22825,363.5838749708385
22826,101.06902575900124
22827,349.8900460118872
22828,629.5446667474326
22829,176.4445726287266
22830,328.96070281925563
22831,599.644736624002
22832,166.79865408297454
22833,577.503097171989
22834,1039.011915433584
22835,291.13674910906343
22836,234.5067324243053
22837,426.73380381738923
22838,118.93594164551543
22839,410.2597703830552
22840,739.201990522278
22841,207.1959047003182
22842,200.24999781523314
22843,363.5838749708385
22844,101.06902575900124
22845,349.8900460118872
22846,629.5446667474326
22847,176.4445726287266
22848,328.96070281925563
22849,599.644736624002
22850,166.79865408297454
22851,577.503097171989
22852,1039.011915433584
22853,291.13674910906343
22854,234.5067324243053
22855,426.73380381738923
22856,118.93594164551543
22857,410.2597703830552
22858,739.201990522278
22859,207.1959047003182
22860,200.24999781523314
22861,363.5838749708385
22862,101.06902575900124
22863,349.8900460118872
22864,629.5446667474326
22865,176.4445726287266
22866,328.96070281925563
22867,599.644736624002
22868,166.79865408297454
22869,577.503097171989
22870,1039.011915433584
22871,291.13674910906343
22872,234.5067324243053
22873,426.73380381738923
22874,118.93594164551543
22875,410.2597703830552
22876,739.201990522278
22877,207.1959047003182
22878,200.24999781523314
22879,363.5838749708385
22880,101.06902575900124
22881,349.8900460118872
22882,629.5446667474326
22883,176.4445726287266
22884,328.96070281925563
22885,599.644736624002
22886,166.79865408297454
22887,577.503097171989
22888,1039.011915433584
22889,291.13674910906343
22890,234.5067324243053
22891,426.73380381738923
22892,118.93594164551543
22893,410.2597703830552
22894,739.201990522278
22895,207.1959047003182
22896,200.24999781523314
22897,363.5838749708385
22898,101.06902575900124
22899,349.8900460118872
22900,629.5446667474326
22901,176.4445726287266
22902,328.96070281925563
22903,599.644736624002
22904,166.79865408297454
22905,577.503097171989
22906,1039.011915433584
22907,291.13674910906343
22908,234.5067324243053
22909,426.73380381738923
22910,118.93594164551543
22911,410.2597703830552
22912,739.201990522278
22913,207.1959047003182
22914,200.24999781523314
22915,363.5838749708385
22916,101.06902575900124
22917,349.8900460118872
22918,629.5446667474326
22919,176.4445726287266
22920,328.96070281925563
22921,599.644736624002
22922,166.79865408297454
22923,577.503097171989
22924,1039.011915433584
22925,291.13674910906343
22926,234.5067324243053
22927,426.73380381738923
22928,118.93594164551543
22929,410.2597703830552
22930,739.201990522278
22931,207.1959047003182
22932,200.24999781523314
22933,363.5838749708385
22934,101.06902575900124
22935,349.8900460118872
22936,629.5446667474326
22937,176.4445726287266
22938,328.96070281925563
22939,599.644736624002
22940,166.79865408297454
22941,577.503097171989
22942,1039.011915433584
22943,291.13674910906343
22944,234.5067324243053
22945,426.73380381738923
22946,118.93594164551543
22947,410.2597703830552
22948,739.201990522278
22949,207.1959047003182
22950,200.24999781523314
22951,363.5838749708385
22952,101.06902575900124
22953,349.8900460118872
22954,629.5446667474326
22955,176.4445726287266
22956,328.96070281925563
22957,599.644736624002
22958,166.79865408297454
22959,577.503097171989
22960,1039.011915433584
22961,291.13674910906343
22962,234.5067324243053
22963,426.73380381738923
22964,118.93594164551543
22965,410.2597703830552
22966,739.201990522278
22967,207.1959047003182
22968,200.24999781523314
22969,363.5838749708385
22970,101.06902575900124
22971,349.8900460118872
22972,629.5446667474326
22973,176.4445726287266
22974,328.96070281925563
22975,599.644736624002
22976,166.79865408297454
22977,577.503097171989
22978,1039.011915433584
22979,291.13674910906343
22980,234.5067324243053
22981,426.73380381738923
22982,118.93594164551543
22983,410.2597703830552
22984,739.201990522278
22985,207.1959047003182
22986,200.24999781523314
22987,363.5838749708385
22988,101.06902575900124
22989,349.8900460118872
22990,629.5446667474326
22991,176.4445726287266
22992,328.96070281925563
22993,599.644736624002
22994,166.79865408297454
22995,577.503097171989
22996,1039.011915433584
22997,291.13674910906343
22998,234.5067324243053
22999,426.73380381738923
23000,118.93594164551543
23001,410.2597703830552
23002,739.201990522278
23003,207.1959047003182
23004,200.24999781523314
23005,363.5838749708385
23006,101.06902575900124
23007,349.8900460118872
23008,629.5446667474326
23009,176.4445726287266
23010,328.96070281925563
23011,599.644736624002
23012,166.79865408297454
23013,577.503097171989
23014,1039.011915433584
23015,291.13674910906343
23016,234.5067324243053
23017,426.73380381738923
23018,118.93594164551543
23019,410.2597703830552
23020,739.201990522278
23021,207.1959047003182
23022,200.24999781523314
23023,363.5838749708385
23024,101.06902575900124
23025,349.8900460118872
23026,629.5446667474326
23027,176.4445726287266
23028,328.96070281925563
23029,599.644736624002
23030,166.79865408297454
23031,577.503097171989
23032,1039.011915433584
23033,291.13674910906343
23034,234.5067324243053
23035,426.73380381738923
23036,118.93594164551543
23037,410.2597703830552
23038,739.201990522278
23039,207.1959047003182
23040,200.24999781523314
23041,363.5838749708385
23042,101.06902575900124
23043,349.8900460118872
23044,629.5446667474326
23045,176.4445726287266
23046,328.96070281925563
23047,599.644736624002
23048,166.79865408297454
23049,577.503097171989
23050,1039.011915433584
23051,291.13674910906343
23052,234.5067324243053
23053,426.73380381738923
23054,118.93594164551543
23055,410.2597703830552
23056,739.201990522278
23057,207.1959047003182
23058,200.24999781523314
23059,363.5838749708385
23060,101.06902575900124
23061,349.8900460118872
23062,629.5446667474326
23063,176.4445726287266
23064,328.96070281925563
23065,599.644736624002
23066,166.79865408297454
23067,577.503097171989
23068,1039.011915433584
23069,291.13674910906343
23070,234.5067324243053
23071,426.73380381738923
23072,118.93594164551543
23073,410.2597703830552
23074,739.201990522278
23075,207.1959047003182
23076,200.24999781523314
23077,363.5838749708385
23078,101.06902575900124
23079,349.8900460118872
23080,629.5446667474326
23081,176.4445726287266
23082,328.96070281925563
23083,599.644736624002
23084,166.79865408297454
23085,577.503097171989
23086,1039.011915433584
23087,291.13674910906343
23088,234.5067324243053
23089,426.73380381738923
23090,118.93594164551543
23091,410.2597703830552
23092,739.201990522278
23093,207.1959047003182
23094,200.24999781523314
23095,363.5838749708385
23096,101.06902575900124
23097,349.8900460118872
23098,629.5446667474326
23099,176.4445726287266
23100,328.96070281925563
23101,599.644736624002
23102,166.79865408297454
23103,577.503097171989
23104,1039.011915433584
23105,291.13674910906343
23106,234.5067324243053
23107,426.73380381738923
23108,118.93594164551543
23109,410.2597703830552
23110,739.201990522278
23111,207.1959047003182
23112,200.24999781523314
23113,363.5838749708385
23114,101.06902575900124
23115,349.8900460118872
23116,629.5446667474326
23117,176.4445726287266
23118,328.96070281925563
23119,599.644736624002
23120,166.79865408297454
23121,577.503097171989
23122,1039.011915433584
23123,291.13674910906343
23124,234.5067324243053
23125,426.73380381738923
23126,118.93594164551543
23127,410.2597703830552
23128,739.201990522278
23129,207.1959047003182
23130,200.24999781523314
23131,363.5838749708385
23132,101.06902575900124
23133,349.8900460118872
23134,629.5446667474326
23135,176.4445726287266
23136,328.96070281925563
23137,599.644736624002
23138,166.79865408297454
23139,577.503097171989
23140,1039.011915433584
23141,291.13674910906343
23142,234.5067324243053
23143,426.73380381738923
23144,118.93594164551543
23145,410.2597703830552
23146,739.201990522278
23147,207.1959047003182
23148,200.24999781523314
23149,363.5838749708385
23150,101.06902575900124
23151,349.8900460118872
23152,629.5446667474326
23153,176.4445726287266
23154,328.96070281925563
23155,599.644736624002
23156,166.79865408297454
23157,577.503097171989
23158,1039.011915433584
23159,291.13674910906343
23160,234.5067324243053
23161,426.73380381738923
23162,118.93594164551543
23163,410.2597703830552
23164,739.201990522278
23165,207.1959047003182
23166,200.24999781523314
23167,363.5838749708385
23168,101.06902575900124
23169,349.8900460118872
23170,629.5446667474326
23171,176.4445726287266
23172,328.96070281925563
23173,599.644736624002
23174,166.79865408297454
23175,577.503097171989
23176,1039.011915433584
23177,291.13674910906343
23178,234.5067324243053
23179,426.73380381738923
23180,118.93594164551543
23181,410.2597703830552
23182,739.201990522278
23183,207.1959047003182
23184,200.24999781523314
23185,363.5838749708385
23186,101.06902575900124
23187,349.8900460118872
23188,629.5446667474326
23189,176.4445726287266
23190,328.96070281925563
23191,599.644736624002
23192,166.79865408297454
23193,577.503097171989
23194,1039.011915433584
23195,291.13674910906343
23196,234.5067324243053
23197,426.73380381738923
23198,118.93594164551543
23199,410.2597703830552
23200,739.201990522278
23201,207.1959047003182
23202,200.24999781523314
23203,363.5838749708385
23204,101.06902575900124
23205,349.8900460118872
23206,629.5446667474326
23207,176.4445726287266
23208,328.96070281925563
23209,599.644736624002
23210,166.79865408297454
23211,577.503097171989
23212,1039.011915433584
23213,291.13674910906343
23214,234.5067324243053
23215,426.73380381738923
23216,118.93594164551543
23217,410.2597703830552
23218,739.201990522278
23219,207.1959047003182
23220,200.24999781523314
23221,363.5838749708385
23222,101.06902575900124
23223,349.8900460118872
23224,629.5446667474326
23225,176.4445726287266
23226,328.96070281925563
23227,599.644736624002
23228,166.79865408297454
23229,577.503097171989
23230,1039.011915433584
23231,291.13674910906343
23232,234.5067324243053
23233,426.73380381738923
23234,118.93594164551543
23235,410.2597703830552
23236,739.201990522278
23237,207.1959047003182
23238,200.24999781523314
23239,363.5838749708385
23240,101.06902575900124
23241,349.8900460118872
23242,629.5446667474326
23243,176.4445726287266
23244,328.96070281925563
23245,599.644736624002
23246,166.79865408297454
23247,577.503097171989
23248,1039.011915433584
23249,291.13674910906343
23250,234.5067324243053
23251,426.73380381738923
23252,118.93594164551543
23253,410.2597703830552
23254,739.201990522278
23255,207.1959047003182
23256,200.24999781523314
23257,363.5838749708385
23258,101.06902575900124
23259,349.8900460118872
23260,629.5446667474326
23261,176.4445726287266
23262,328.96070281925563
23263,599.644736624002
23264,166.79865408297454
23265,577.503097171989
23266,1039.011915433584
23267,291.13674910906343
23268,234.5067324243053
23269,426.73380381738923
23270,118.93594164551543
23271,410.2597703830552
23272,739.201990522278
23273,207.1959047003182
23274,200.24999781523314
23275,363.5838749708385
23276,101.06902575900124
23277,349.8900460118872
23278,629.5446667474326
23279,176.4445726287266
23280,328.96070281925563
23281,599.644736624002
23282,166.79865408297454
23283,577.503097171989
23284,1039.011915433584
23285,291.13674910906343
23286,234.5067324243053
23287,426.73380381738923
23288,118.93594164551543
23289,410.2597703830552
23290,739.201990522278
23291,207.1959047003182
23292,200.24999781523314
23293,363.5838749708385
23294,101.06902575900124
23295,349.8900460118872
23296,629.5446667474326
23297,176.4445726287266
23298,328.96070281925563
23299,599.644736624002
23300,166.79865408297454
23301,577.503097171989
23302,1039.011915433584
23303,291.13674910906343
23304,234.5067324243053
23305,426.73380381738923
23306,118.93594164551543
23307,410.2597703830552
23308,739.201990522278
23309,207.1959047003182
23310,200.24999781523314
23311,363.5838749708385
23312,101.06902575900124
23313,349.8900460118872
23314,629.5446667474326
23315,176.4445726287266
23316,328.96070281925563
23317,599.644736624002
23318,166.79865408297454
23319,577.503097171989
23320,1039.011915433584
23321,291.13674910906343
23322,234.5067324243053
23323,426.73380381738923
23324,118.93594164551543
23325,410.2597703830552
23326,739.201990522278
23327,207.1959047003182
23328,200.24999781523314
23329,363.5838749708385
23330,101.06902575900124
23331,349.8900460118872
23332,629.5446667474326
23333,176.4445726287266
23334,328.96070281925563
23335,599.644736624002
23336,166.79865408297454
23337,577.503097171989
23338,1039.011915433584
23339,291.13674910906343
23340,234.5067324243053
23341,426.73380381738923
23342,118.93594164551543
23343,410.2597703830552
23344,739.201990522278
23345,207.1959047003182
23346,200.24999781523314
23347,363.5838749708385
23348,101.06902575900124
23349,349.8900460118872
23350,629.5446667474326
23351,176.4445726287266
23352,328.96070281925563
23353,599.644736624002
23354,166.79865408297454
23355,577.503097171989
23356,1039.011915433584
23357,291.13674910906343
23358,234.5067324243053
23359,426.73380381738923
23360,118.93594164551543
23361,410.2597703830552
23362,739.201990522278
23363,207.1959047003182
23364,200.24999781523314
23365,363.5838749708385
23366,101.06902575900124
23367,349.8900460118872
23368,629.5446667474326
23369,176.4445726287266
23370,328.96070281925563
23371,599.644736624002
23372,166.79865408297454
23373,577.503097171989
23374,1039.011915433584
23375,291.13674910906343
23376,234.5067324243053
23377,426.73380381738923
23378,118.93594164551543
23379,410.2597703830552
23380,739.201990522278
23381,207.1959047003182
23382,200.24999781523314
23383,363.5838749708385
23384,101.06902575900124
23385,349.8900460118872
23386,629.5446667474326
23387,176.4445726287266
23388,328.96070281925563
23389,599.644736624002
23390,166.79865408297454
23391,577.503097171989
23392,1039.011915433584
23393,291.13674910906343
23394,234.5067324243053
23395,426.73380381738923
23396,118.93594164551543
23397,410.2597703830552
23398,739.201990522278
23399,207.1959047003182
23400,200.24999781523314
23401,363.5838749708385
23402,101.06902575900124
23403,349.8900460118872
23404,629.5446667474326
23405,176.4445726287266
23406,328.96070281925563
23407,599.644736624002
23408,166.79865408297454
23409,577.503097171989
23410,1039.011915433584
23411,291.13674910906343
23412,234.5067324243053
23413,426.73380381738923
23414,118.93594164551543
23415,410.2597703830552
23416,739.201990522278
23417,207.1959047003182
23418,200.24999781523314
23419,363.5838749708385
23420,101.06902575900124
23421,349.8900460118872
23422,629.5446667474326
23423,176.4445726287266
23424,328.96070281925563
23425,599.644736624002
23426,166.79865408297454
23427,577.503097171989
23428,1039.011915433584
23429,291.13674910906343
23430,234.5067324243053
23431,426.73380381738923
23432,118.93594164551543
23433,410.2597703830552
23434,739.201990522278
23435,207.1959047003182
23436,200.24999781523314
23437,363.5838749708385
23438,101.06902575900124
23439,349.8900460118872
23440,629.5446667474326
23441,176.4445726287266
23442,328.96070281925563
23443,599.644736624002
23444,166.79865408297454
23445,577.503097171989
23446,1039.011915433584
23447,291.13674910906343
23448,234.5067324243053
23449,426.73380381738923
23450,118.93594164551543
23451,410.2597703830552
23452,739.201990522278
23453,207.1959047003182
23454,200.24999781523314
23455,363.5838749708385
23456,101.06902575900124
23457,349.8900460118872
23458,629.5446667474326
23459,176.4445726287266
23460,328.96070281925563
23461,599.644736624002
23462,166.79865408297454
23463,577.503097171989
23464,1039.011915433584
23465,291.13674910906343
23466,234.5067324243053
23467,426.73380381738923
23468,118.93594164551543
23469,410.2597703830552
23470,739.201990522278
23471,207.1959047003182
23472,200.24999781523314
23473,363.5838749708385
23474,101.06902575900124
23475,349.8900460118872
23476,629.5446667474326
23477,176.4445726287266
23478,328.96070281925563
23479,599.644736624002
23480,166.79865408297454
23481,577.503097171989
23482,1039.011915433584
23483,291.13674910906343
23484,234.5067324243053
23485,426.73380381738923
23486,118.93594164551543
23487,410.2597703830552
23488,739.201990522278
23489,207.1959047003182
23490,200.24999781523314
23491,363.5838749708385
23492,101.06902575900124
23493,349.8900460118872
23494,629.5446667474326
23495,176.4445726287266
23496,328.96070281925563
23497,599.644736624002
23498,166.79865408297454
23499,577.503097171989
23500,1039.011915433584
23501,291.13674910906343
23502,234.5067324243053
23503,426.73380381738923
23504,118.93594164551543
23505,410.2597703830552
23506,739.201990522278
23507,207.1959047003182
23508,200.24999781523314
23509,363.5838749708385
23510,101.06902575900124
23511,349.8900460118872
23512,629.5446667474326
23513,176.4445726287266
23514,328.96070281925563
23515,599.644736624002
23516,166.79865408297454
23517,577.503097171989
23518,1039.011915433584
23519,291.13674910906343
23520,234.5067324243053
23521,426.73380381738923
23522,118.93594164551543
23523,410.2597703830552
23524,739.201990522278
23525,207.1959047003182
23526,200.24999781523314
23527,363.5838749708385
23528,101.06902575900124
23529,349.8900460118872
23530,629.5446667474326
23531,176.4445726287266
23532,328.96070281925563
23533,599.644736624002
23534,166.79865408297454
23535,577.503097171989
23536,1039.011915433584
23537,291.13674910906343
23538,234.5067324243053
23539,426.73380381738923
23540,118.93594164551543
23541,410.2597703830552
23542,739.201990522278
23543,207.1959047003182
23544,200.24999781523314
23545,363.5838749708385
23546,101.06902575900124
23547,349.8900460118872
23548,629.5446667474326
23549,176.4445726287266
23550,328.96070281925563
23551,599.644736624002
23552,166.79865408297454
23553,577.503097171989
23554,1039.011915433584
23555,291.13674910906343
23556,234.5067324243053
23557,426.73380381738923
23558,118.93594164551543
23559,410.2597703830552
23560,739.201990522278
23561,207.1959047003182
23562,200.24999781523314
23563,363.5838749708385
23564,101.06902575900124
23565,349.8900460118872
23566,629.5446667474326
23567,176.4445726287266
23568,328.96070281925563
23569,599.644736624002
23570,166.79865408297454
23571,577.503097171989
23572,1039.011915433584
23573,291.13674910906343
23574,234.5067324243053
23575,426.73380381738923
23576,118.93594164551543
23577,410.2597703830552
23578,739.201990522278
23579,207.1959047003182
23580,200.24999781523314
23581,363.5838749708385
23582,101.06902575900124
23583,349.8900460118872
23584,629.5446667474326
23585,176.4445726287266
23586,328.96070281925563
23587,599.644736624002
23588,166.79865408297454
23589,577.503097171989
23590,1039.011915433584
23591,291.13674910906343
23592,234.5067324243053
23593,426.73380381738923
23594,118.93594164551543
23595,410.2597703830552
23596,739.201990522278
23597,207.1959047003182
23598,200.24999781523314
23599,363.5838749708385
23600,101.06902575900124
23601,349.8900460118872
23602,629.5446667474326
23603,176.4445726287266
23604,328.96070281925563
23605,599.644736624002
23606,166.79865408297454
23607,577.503097171989
23608,1039.011915433584
23609,291.13674910906343
23610,234.5067324243053
23611,426.73380381738923
23612,118.93594164551543
23613,410.2597703830552
23614,739.201990522278
23615,207.1959047003182
23616,200.24999781523314
23617,363.5838749708385
23618,101.06902575900124
23619,349.8900460118872
23620,629.5446667474326
23621,176.4445726287266
23622,328.96070281925563
23623,599.644736624002
23624,166.79865408297454
23625,577.503097171989
23626,1039.011915433584
23627,291.13674910906343
23628,234.5067324243053
23629,426.73380381738923
23630,118.93594164551543
23631,410.2597703830552
23632,739.201990522278
23633,207.1959047003182
23634,200.24999781523314
23635,363.5838749708385
23636,101.06902575900124
23637,349.8900460118872
23638,629.5446667474326
23639,176.4445726287266
23640,328.96070281925563
23641,599.644736624002
23642,166.79865408297454
23643,577.503097171989
23644,1039.011915433584
23645,291.13674910906343
23646,234.5067324243053
23647,426.73380381738923
23648,118.93594164551543
23649,410.2597703830552
23650,739.201990522278
23651,207.1959047003182
23652,200.24999781523314
23653,363.5838749708385
23654,101.06902575900124
23655,349.8900460118872
23656,629.5446667474326
23657,176.4445726287266
23658,328.96070281925563
23659,599.644736624002
23660,166.79865408297454
23661,577.503097171989
23662,1039.011915433584
23663,291.13674910906343
23664,234.5067324243053
23665,426.73380381738923
23666,118.93594164551543
23667,410.2597703830552
23668,739.201990522278
23669,207.1959047003182
23670,200.24999781523314
23671,363.5838749708385
23672,101.06902575900124
23673,349.8900460118872
23674,629.5446667474326
23675,176.4445726287266
23676,328.96070281925563
23677,599.644736624002
23678,166.79865408297454
23679,577.503097171989
23680,1039.011915433584
23681,291.13674910906343
23682,234.5067324243053
23683,426.73380381738923
23684,118.93594164551543
23685,410.2597703830552
23686,739.201990522278
23687,207.1959047003182
23688,200.24999781523314
23689,363.5838749708385
23690,101.06902575900124
23691,349.8900460118872
23692,629.5446667474326
23693,176.4445726287266
23694,328.96070281925563
23695,599.644736624002
23696,166.79865408297454
23697,577.503097171989
23698,1039.011915433584
23699,291.13674910906343
23700,234.5067324243053
23701,426.73380381738923
23702,118.93594164551543
23703,410.2597703830552
23704,739.201990522278
23705,207.1959047003182
23706,200.24999781523314
23707,363.5838749708385
23708,101.06902575900124
23709,349.8900460118872
23710,629.5446667474326
23711,176.4445726287266
23712,328.96070281925563
23713,599.644736624002
23714,166.79865408297454
23715,577.503097171989
23716,1039.011915433584
23717,291.13674910906343
23718,234.5067324243053
23719,426.73380381738923
23720,118.93594164551543
23721,410.2597703830552
23722,739.201990522278
23723,207.1959047003182
23724,200.24999781523314
23725,363.5838749708385
23726,101.06902575900124
23727,349.8900460118872
23728,629.5446667474326
23729,176.4445726287266
23730,328.96070281925563
23731,599.644736624002
23732,166.79865408297454
23733,577.503097171989
23734,1039.011915433584
23735,291.13674910906343
23736,234.5067324243053
23737,426.73380381738923
23738,118.93594164551543
23739,410.2597703830552
23740,739.201990522278
23741,207.1959047003182
23742,200.24999781523314
23743,363.5838749708385
23744,101.06902575900124
23745,349.8900460118872
23746,629.5446667474326
23747,176.4445726287266
23748,328.96070281925563
23749,599.644736624002
23750,166.79865408297454
23751,577.503097171989
23752,1039.011915433584
23753,291.13674910906343
23754,234.5067324243053
23755,426.73380381738923
23756,118.93594164551543
23757,410.2597703830552
23758,739.201990522278
23759,207.1959047003182
23760,200.24999781523314
23761,363.5838749708385
23762,101.06902575900124
23763,349.8900460118872
23764,629.5446667474326
23765,176.4445726287266
23766,328.96070281925563
23767,599.644736624002
23768,166.79865408297454
23769,577.503097171989
23770,1039.011915433584
23771,291.13674910906343
23772,234.5067324243053
23773,426.73380381738923
23774,118.93594164551543
23775,410.2597703830552
23776,739.201990522278
23777,207.1959047003182
23778,200.24999781523314
23779,363.5838749708385
23780,101.06902575900124
23781,349.8900460118872
23782,629.5446667474326
23783,176.4445726287266
23784,328.96070281925563
23785,599.644736624002
23786,166.79865408297454
23787,577.503097171989
23788,1039.011915433584
23789,291.13674910906343
23790,234.5067324243053
23791,426.73380381738923
23792,118.93594164551543
23793,410.2597703830552
23794,739.201990522278
23795,207.1959047003182
23796,200.24999781523314
23797,363.5838749708385
23798,101.06902575900124
23799,349.8900460118872
23800,629.5446667474326
23801,176.4445726287266
23802,328.96070281925563
23803,599.644736624002
23804,166.79865408297454
23805,577.503097171989
23806,1039.011915433584
23807,291.13674910906343
23808,234.5067324243053
23809,426.73380381738923
23810,118.93594164551543
23811,410.2597703830552
23812,739.201990522278
23813,207.1959047003182
23814,200.24999781523314
23815,363.5838749708385
23816,101.06902575900124
23817,349.8900460118872
23818,629.5446667474326
23819,176.4445726287266
23820,328.96070281925563
23821,599.644736624002
23822,166.79865408297454
23823,577.503097171989
23824,1039.011915433584
23825,291.13674910906343
23826,234.5067324243053
23827,426.73380381738923
23828,118.93594164551543
23829,410.2597703830552
23830,739.201990522278
23831,207.1959047003182
23832,200.24999781523314
23833,363.5838749708385
23834,101.06902575900124
23835,349.8900460118872
23836,629.5446667474326
23837,176.4445726287266
23838,328.96070281925563
23839,599.644736624002
23840,166.79865408297454
23841,577.503097171989
23842,1039.011915433584
23843,291.13674910906343
23844,234.5067324243053
23845,426.73380381738923
23846,118.93594164551543
23847,410.2597703830552
23848,739.201990522278
23849,207.1959047003182
23850,200.24999781523314
23851,363.5838749708385
23852,101.06902575900124
23853,349.8900460118872
23854,629.5446667474326
23855,176.4445726287266
23856,328.96070281925563
23857,599.644736624002
23858,166.79865408297454
23859,577.503097171989
23860,1039.011915433584
23861,291.13674910906343
23862,234.5067324243053
23863,426.73380381738923
23864,118.93594164551543
23865,410.2597703830552
23866,739.201990522278
23867,207.1959047003182
23868,200.24999781523314
23869,363.5838749708385
23870,101.06902575900124
23871,349.8900460118872
23872,629.5446667474326
23873,176.4445726287266
23874,328.96070281925563
23875,599.644736624002
23876,166.79865408297454
23877,577.503097171989
23878,1039.011915433584
23879,291.13674910906343
23880,234.5067324243053
23881,426.73380381738923
23882,118.93594164551543
23883,410.2597703830552
23884,739.201990522278
23885,207.1959047003182
23886,200.24999781523314
23887,363.5838749708385
23888,101.06902575900124
23889,349.8900460118872
23890,629.5446667474326
23891,176.4445726287266
23892,328.96070281925563
23893,599.644736624002
23894,166.79865408297454
23895,577.503097171989
23896,1039.011915433584
23897,291.13674910906343
23898,234.5067324243053
23899,426.73380381738923
23900,118.93594164551543
23901,410.2597703830552
23902,739.201990522278
23903,207.1959047003182
23904,200.24999781523314
23905,363.5838749708385
23906,101.06902575900124
23907,349.8900460118872
23908,629.5446667474326
23909,176.4445726287266
23910,328.96070281925563
23911,599.644736624002
23912,166.79865408297454
23913,577.503097171989
23914,1039.011915433584
23915,291.13674910906343
23916,234.5067324243053
23917,426.73380381738923
23918,118.93594164551543
23919,410.2597703830552
23920,739.201990522278
23921,207.1959047003182
23922,200.24999781523314
23923,363.5838749708385
23924,101.06902575900124
23925,349.8900460118872
23926,629.5446667474326
23927,176.4445726287266
23928,328.96070281925563
23929,599.644736624002
23930,166.79865408297454
23931,577.503097171989
23932,1039.011915433584
23933,291.13674910906343
23934,234.5067324243053
23935,426.73380381738923
23936,118.93594164551543
23937,410.2597703830552
23938,739.201990522278
23939,207.1959047003182
23940,200.24999781523314
23941,363.5838749708385
23942,101.06902575900124
23943,349.8900460118872
23944,629.5446667474326
23945,176.4445726287266
23946,328.96070281925563
23947,599.644736624002
23948,166.79865408297454
23949,577.503097171989
23950,1039.011915433584
23951,291.13674910906343
23952,234.5067324243053
23953,426.73380381738923
23954,118.93594164551543
23955,410.2597703830552
23956,739.201990522278
23957,207.1959047003182
23958,200.24999781523314
23959,363.5838749708385
23960,101.06902575900124
23961,349.8900460118872
23962,629.5446667474326
23963,176.4445726287266
23964,328.96070281925563
23965,599.644736624002
23966,166.79865408297454
23967,577.503097171989
23968,1039.011915433584
23969,291.13674910906343
23970,234.5067324243053
23971,426.73380381738923
23972,118.93594164551543
23973,410.2597703830552
23974,739.201990522278
23975,207.1959047003182
23976,200.24999781523314
23977,363.5838749708385
23978,101.06902575900124
23979,349.8900460118872
23980,629.5446667474326
23981,176.4445726287266
23982,328.96070281925563
23983,599.644736624002
23984,166.79865408297454
23985,577.503097171989
23986,1039.011915433584
23987,291.13674910906343
23988,234.5067324243053
23989,426.73380381738923
23990,118.93594164551543
23991,410.2597703830552
23992,739.201990522278
23993,207.1959047003182
23994,200.24999781523314
23995,363.5838749708385
23996,101.06902575900124
23997,349.8900460118872
23998,629.5446667474326
23999,176.4445726287266
24000,328.96070281925563
24001,599.644736624002
24002,166.79865408297454
24003,577.503097171989
24004,1039.011915433584
24005,291.13674910906343
24006,234.5067324243053
24007,426.73380381738923
24008,118.93594164551543
24009,410.2597703830552
24010,739.201990522278
24011,207.1959047003182
24012,200.24999781523314
24013,363.5838749708385
24014,101.06902575900124
24015,349.8900460118872
24016,629.5446667474326
24017,176.4445726287266
24018,328.96070281925563
24019,599.644736624002
24020,166.79865408297454
24021,577.503097171989
24022,1039.011915433584
24023,291.13674910906343
24024,234.5067324243053
24025,426.73380381738923
24026,118.93594164551543
24027,410.2597703830552
24028,739.201990522278
24029,207.1959047003182
24030,200.24999781523314
24031,363.5838749708385
24032,101.06902575900124
24033,349.8900460118872
24034,629.5446667474326
24035,176.4445726287266
24036,328.96070281925563
24037,599.644736624002
24038,166.79865408297454
24039,577.503097171989
24040,1039.011915433584
24041,291.13674910906343
24042,234.5067324243053
24043,426.73380381738923
24044,118.93594164551543
24045,410.2597703830552
24046,739.201990522278
24047,207.1959047003182
24048,200.24999781523314
24049,363.5838749708385
24050,101.06902575900124
24051,349.8900460118872
24052,629.5446667474326
24053,176.4445726287266
24054,328.96070281925563
24055,599.644736624002
24056,166.79865408297454
24057,577.503097171989
24058,1039.011915433584
24059,291.13674910906343
24060,234.5067324243053
24061,426.73380381738923
24062,118.93594164551543
24063,410.2597703830552
24064,739.201990522278
24065,207.1959047003182
24066,200.24999781523314
24067,363.5838749708385
24068,101.06902575900124
24069,349.8900460118872
24070,629.5446667474326
24071,176.4445726287266
24072,328.96070281925563
24073,599.644736624002
24074,166.79865408297454
24075,577.503097171989
24076,1039.011915433584
24077,291.13674910906343
24078,234.5067324243053
24079,426.73380381738923
24080,118.93594164551543
24081,410.2597703830552
24082,739.201990522278
24083,207.1959047003182
24084,200.24999781523314
24085,363.5838749708385
24086,101.06902575900124
24087,349.8900460118872
24088,629.5446667474326
24089,176.4445726287266
24090,328.96070281925563
24091,599.644736624002
24092,166.79865408297454
24093,577.503097171989
24094,1039.011915433584
24095,291.13674910906343
24096,234.5067324243053
24097,426.73380381738923
24098,118.93594164551543
24099,410.2597703830552
24100,739.201990522278
24101,207.1959047003182
24102,200.24999781523314
24103,363.5838749708385
24104,101.06902575900124
24105,349.8900460118872
24106,629.5446667474326
24107,176.4445726287266
24108,328.96070281925563
24109,599.644736624002
24110,166.79865408297454
24111,577.503097171989
24112,1039.011915433584
24113,291.13674910906343
24114,234.5067324243053
24115,426.73380381738923
24116,118.93594164551543
24117,410.2597703830552
24118,739.201990522278
24119,207.1959047003182
24120,200.24999781523314
24121,363.5838749708385
24122,101.06902575900124
24123,349.8900460118872
24124,629.5446667474326
24125,176.4445726287266
24126,328.96070281925563
24127,599.644736624002
24128,166.79865408297454
24129,577.503097171989
24130,1039.011915433584
24131,291.13674910906343
24132,234.5067324243053
24133,426.73380381738923
24134,118.93594164551543
24135,410.2597703830552
24136,739.201990522278
24137,207.1959047003182
24138,200.24999781523314
24139,363.5838749708385
24140,101.06902575900124
24141,349.8900460118872
24142,629.5446667474326
24143,176.4445726287266
24144,328.96070281925563
24145,599.644736624002
24146,166.79865408297454
24147,577.503097171989
24148,1039.011915433584
24149,291.13674910906343
24150,234.5067324243053
24151,426.73380381738923
24152,118.93594164551543
24153,410.2597703830552
24154,739.201990522278
24155,207.1959047003182
24156,200.24999781523314
24157,363.5838749708385
24158,101.06902575900124
24159,349.8900460118872
24160,629.5446667474326
24161,176.4445726287266
24162,328.96070281925563
24163,599.644736624002
24164,166.79865408297454
24165,577.503097171989
24166,1039.011915433584
24167,291.13674910906343
24168,234.5067324243053
24169,426.73380381738923
24170,118.93594164551543
24171,410.2597703830552
24172,739.201990522278
24173,207.1959047003182
24174,200.24999781523314
24175,363.5838749708385
24176,101.06902575900124
24177,349.8900460118872
24178,629.5446667474326
24179,176.4445726287266
24180,328.96070281925563
24181,599.644736624002
24182,166.79865408297454
24183,577.503097171989
24184,1039.011915433584
24185,291.13674910906343
24186,234.5067324243053
24187,426.73380381738923
24188,118.93594164551543
24189,410.2597703830552
24190,739.201990522278
24191,207.1959047003182
24192,200.24999781523314
24193,363.5838749708385
24194,101.06902575900124
24195,349.8900460118872
24196,629.5446667474326
24197,176.4445726287266
24198,328.96070281925563
24199,599.644736624002
24200,166.79865408297454
24201,577.503097171989
24202,1039.011915433584
24203,291.13674910906343
24204,234.5067324243053
24205,426.73380381738923
24206,118.93594164551543
24207,410.2597703830552
24208,739.201990522278
24209,207.1959047003182
24210,200.24999781523314
24211,363.5838749708385
24212,101.06902575900124
24213,349.8900460118872
24214,629.5446667474326
24215,176.4445726287266
24216,328.96070281925563
24217,599.644736624002
24218,166.79865408297454
24219,577.503097171989
24220,1039.011915433584
24221,291.13674910906343
24222,234.5067324243053
24223,426.73380381738923
24224,118.93594164551543
24225,410.2597703830552
24226,739.201990522278
24227,207.1959047003182
24228,200.24999781523314
24229,363.5838749708385
24230,101.06902575900124
24231,349.8900460118872
24232,629.5446667474326
24233,176.4445726287266
24234,328.96070281925563
24235,599.644736624002
24236,166.79865408297454
24237,577.503097171989
24238,1039.011915433584
24239,291.13674910906343
24240,234.5067324243053
24241,426.73380381738923
24242,118.93594164551543
24243,410.2597703830552
24244,739.201990522278
24245,207.1959047003182
24246,200.24999781523314
24247,363.5838749708385
24248,101.06902575900124
24249,349.8900460118872
24250,629.5446667474326
24251,176.4445726287266
24252,328.96070281925563
24253,599.644736624002
24254,166.79865408297454
24255,577.503097171989
24256,1039.011915433584
24257,291.13674910906343
24258,234.5067324243053
24259,426.73380381738923
24260,118.93594164551543
24261,410.2597703830552
24262,739.201990522278
24263,207.1959047003182
24264,200.24999781523314
24265,363.5838749708385
24266,101.06902575900124
24267,349.8900460118872
24268,629.5446667474326
24269,176.4445726287266
24270,328.96070281925563
24271,599.644736624002
24272,166.79865408297454
24273,577.503097171989
24274,1039.011915433584
24275,291.13674910906343
24276,234.5067324243053
24277,426.73380381738923
24278,118.93594164551543
24279,410.2597703830552
24280,739.201990522278
24281,207.1959047003182
24282,200.24999781523314
24283,363.5838749708385
24284,101.06902575900124
24285,349.8900460118872
24286,629.5446667474326
24287,176.4445726287266
24288,328.96070281925563
24289,599.644736624002
24290,166.79865408297454
24291,577.503097171989
24292,1039.011915433584
24293,291.13674910906343
24294,234.5067324243053
24295,426.73380381738923
24296,118.93594164551543
24297,410.2597703830552
24298,739.201990522278
24299,207.1959047003182
24300,200.24999781523314
24301,363.5838749708385
24302,101.06902575900124
24303,349.8900460118872
24304,629.5446667474326
24305,176.4445726287266
24306,328.96070281925563
24307,599.644736624002
24308,166.79865408297454
24309,577.503097171989
24310,1039.011915433584
24311,291.13674910906343
24312,234.5067324243053
24313,426.73380381738923
24314,118.93594164551543
24315,410.2597703830552
24316,739.201990522278
24317,207.1959047003182
24318,200.24999781523314
24319,363.5838749708385
24320,101.06902575900124
24321,349.8900460118872
24322,629.5446667474326
24323,176.4445726287266
24324,328.96070281925563
24325,599.644736624002
24326,166.79865408297454
24327,577.503097171989
24328,1039.011915433584
24329,291.13674910906343
24330,234.5067324243053
24331,426.73380381738923
24332,118.93594164551543
24333,410.2597703830552
24334,739.201990522278
24335,207.1959047003182
24336,200.24999781523314
24337,363.5838749708385
24338,101.06902575900124
24339,349.8900460118872
24340,629.5446667474326
24341,176.4445726287266
24342,328.96070281925563
24343,599.644736624002
24344,166.79865408297454
24345,577.503097171989
24346,1039.011915433584
24347,291.13674910906343
24348,234.5067324243053
24349,426.73380381738923
24350,118.93594164551543
24351,410.2597703830552
24352,739.201990522278
24353,207.1959047003182
24354,200.24999781523314
24355,363.5838749708385
24356,101.06902575900124
24357,349.8900460118872
24358,629.5446667474326
24359,176.4445726287266
24360,328.96070281925563
24361,599.644736624002
24362,166.79865408297454
24363,577.503097171989
24364,1039.011915433584
24365,291.13674910906343
24366,234.5067324243053
24367,426.73380381738923
24368,118.93594164551543
24369,410.2597703830552
24370,739.201990522278
24371,207.1959047003182
24372,200.24999781523314
24373,363.5838749708385
24374,101.06902575900124
24375,349.8900460118872
24376,629.5446667474326
24377,176.4445726287266
24378,328.96070281925563
24379,599.644736624002
24380,166.79865408297454
24381,577.503097171989
24382,1039.011915433584
24383,291.13674910906343
24384,234.5067324243053
24385,426.73380381738923
24386,118.93594164551543
24387,410.2597703830552
24388,739.201990522278
24389,207.1959047003182
24390,200.24999781523314
24391,363.5838749708385
24392,101.06902575900124
24393,349.8900460118872
24394,629.5446667474326
24395,176.4445726287266
24396,328.96070281925563
24397,599.644736624002
24398,166.79865408297454
24399,577.503097171989
24400,1039.011915433584
24401,291.13674910906343
24402,234.5067324243053
24403,426.73380381738923
24404,118.93594164551543
24405,410.2597703830552
24406,739.201990522278
24407,207.1959047003182
24408,200.24999781523314
24409,363.5838749708385
24410,101.06902575900124
24411,349.8900460118872
24412,629.5446667474326
24413,176.4445726287266
24414,328.96070281925563
24415,599.644736624002
24416,166.79865408297454
24417,577.503097171989
24418,1039.011915433584
24419,291.13674910906343
24420,234.5067324243053
24421,426.73380381738923
24422,118.93594164551543
24423,410.2597703830552
24424,739.201990522278
24425,207.1959047003182
24426,200.24999781523314
24427,363.5838749708385
24428,101.06902575900124
24429,349.8900460118872
24430,629.5446667474326
24431,176.4445726287266
24432,328.96070281925563
24433,599.644736624002
24434,166.79865408297454
24435,577.503097171989
24436,1039.011915433584
24437,291.13674910906343
24438,234.5067324243053
24439,426.73380381738923
24440,118.93594164551543
24441,410.2597703830552
24442,739.201990522278
24443,207.1959047003182
24444,200.24999781523314
24445,363.5838749708385
24446,101.06902575900124
24447,349.8900460118872
24448,629.5446667474326
24449,176.4445726287266
24450,328.96070281925563
24451,599.644736624002
24452,166.79865408297454
24453,577.503097171989
24454,1039.011915433584
24455,291.13674910906343
24456,234.5067324243053
24457,426.73380381738923
24458,118.93594164551543
24459,410.2597703830552
24460,739.201990522278
24461,207.1959047003182
24462,200.24999781523314
24463,363.5838749708385
24464,101.06902575900124
24465,349.8900460118872
24466,629.5446667474326
24467,176.4445726287266
24468,328.96070281925563
24469,599.644736624002
24470,166.79865408297454
24471,577.503097171989
24472,1039.011915433584
24473,291.13674910906343
24474,234.5067324243053
24475,426.73380381738923
24476,118.93594164551543
24477,410.2597703830552
24478,739.201990522278
24479,207.1959047003182
24480,200.24999781523314
24481,363.5838749708385
24482,101.06902575900124
24483,349.8900460118872
24484,629.5446667474326
24485,176.4445726287266
24486,328.96070281925563
24487,599.644736624002
24488,166.79865408297454
24489,577.503097171989
24490,1039.011915433584
24491,291.13674910906343
24492,234.5067324243053
24493,426.73380381738923
24494,118.93594164551543
24495,410.2597703830552
24496,739.201990522278
24497,207.1959047003182
24498,200.24999781523314
24499,363.5838749708385
24500,101.06902575900124
24501,349.8900460118872
24502,629.5446667474326
24503,176.4445726287266
24504,328.96070281925563
24505,599.644736624002
24506,166.79865408297454
24507,577.503097171989
24508,1039.011915433584
24509,291.13674910906343
24510,234.5067324243053
24511,426.73380381738923
24512,118.93594164551543
24513,410.2597703830552
24514,739.201990522278
24515,207.1959047003182
24516,200.24999781523314
24517,363.5838749708385
24518,101.06902575900124
24519,349.8900460118872
24520,629.5446667474326
24521,176.4445726287266
24522,328.96070281925563
24523,599.644736624002
24524,166.79865408297454
24525,577.503097171989
24526,1039.011915433584
24527,291.13674910906343
24528,234.5067324243053
24529,426.73380381738923
24530,118.93594164551543
24531,410.2597703830552
24532,739.201990522278
24533,207.1959047003182
24534,200.24999781523314
24535,363.5838749708385
24536,101.06902575900124
24537,349.8900460118872
24538,629.5446667474326
24539,176.4445726287266
24540,328.96070281925563
24541,599.644736624002
24542,166.79865408297454
24543,577.503097171989
24544,1039.011915433584
24545,291.13674910906343
24546,234.5067324243053
24547,426.73380381738923
24548,118.93594164551543
24549,410.2597703830552
24550,739.201990522278
24551,207.1959047003182
24552,200.24999781523314
24553,363.5838749708385
24554,101.06902575900124
24555,349.8900460118872
24556,629.5446667474326
24557,176.4445726287266
24558,328.96070281925563
24559,599.644736624002
24560,166.79865408297454
24561,577.503097171989
24562,1039.011915433584
24563,291.13674910906343
24564,234.5067324243053
24565,426.73380381738923
24566,118.93594164551543
24567,410.2597703830552
24568,739.201990522278
24569,207.1959047003182
24570,200.24999781523314
24571,363.5838749708385
24572,101.06902575900124
24573,349.8900460118872
24574,629.5446667474326
24575,176.4445726287266
24576,328.96070281925563
24577,599.644736624002
24578,166.79865408297454
24579,577.503097171989
24580,1039.011915433584
24581,291.13674910906343
24582,234.5067324243053
24583,426.73380381738923
24584,118.93594164551543
24585,410.2597703830552
24586,739.201990522278
24587,207.1959047003182
24588,200.24999781523314
24590,101.06902575900124
24591,349.8900460118872
24592,629.5446667474326
24593,176.4445726287266
24594,328.96070281925563
24595,599.644736624002
24596,166.79865408297454
24597,577.503097171989
24598,1039.011915433584
24599,291.13674910906343
24600,234.5067324243053
24601,426.73380381738923
24602,118.93594164551543
24603,410.2597703830552
24604,739.201990522278
24605,207.1959047003182
24606,200.24999781523314
24607,363.5838749708385
24608,101.06902575900124
24609,349.8900460118872
24610,629.5446667474326
24611,176.4445726287266
24612,328.96070281925563
24613,599.644736624002
24614,166.79865408297454
24615,577.503097171989
24616,1039.011915433584
24617,291.13674910906343
24618,234.5067324243053
24619,426.73380381738923
24620,118.93594164551543
24621,410.2597703830552
24622,739.201990522278
24623,207.1959047003182
24624,200.24999781523314
24625,363.5838749708385
24626,101.06902575900124
24627,349.8900460118872
24628,629.5446667474326
24629,176.4445726287266
24630,328.96070281925563
24631,599.644736624002
24632,166.79865408297454
24633,577.503097171989
24634,1039.011915433584
24635,291.13674910906343
24636,234.5067324243053
24637,426.73380381738923
24638,118.93594164551543
24639,410.2597703830552
24640,739.201990522278
24641,207.1959047003182
24642,200.24999781523314
24643,363.5838749708385
24644,101.06902575900124
24645,349.8900460118872
24646,629.5446667474326
24647,176.4445726287266
24648,328.96070281925563
24649,599.644736624002
24650,166.79865408297454
24651,577.503097171989
24652,1039.011915433584
24653,291.13674910906343
24654,234.5067324243053
24655,426.73380381738923
24656,118.93594164551543
24657,410.2597703830552
24658,739.201990522278
24659,207.1959047003182
24660,200.24999781523314
24661,363.5838749708385
24662,101.06902575900124
24663,349.8900460118872
24664,629.5446667474326
24665,176.4445726287266
24666,328.96070281925563
24667,599.644736624002
24668,166.79865408297454
24669,577.503097171989
24670,1039.011915433584
24671,291.13674910906343
24672,234.5067324243053
24673,426.73380381738923
24674,118.93594164551543
24675,410.2597703830552
24676,739.201990522278
24677,207.1959047003182
24678,200.24999781523314
24679,363.5838749708385
24680,101.06902575900124
24681,349.8900460118872
24682,629.5446667474326
24683,176.4445726287266
24684,328.96070281925563
24685,599.644736624002
24686,166.79865408297454
24687,577.503097171989
24688,1039.011915433584
24689,291.13674910906343
24690,234.5067324243053
24691,426.73380381738923
24692,118.93594164551543
24693,410.2597703830552
24694,739.201990522278
24695,207.1959047003182
24696,200.24999781523314
24697,363.5838749708385
24698,101.06902575900124
24699,349.8900460118872
24700,629.5446667474326
24701,176.4445726287266
24702,328.96070281925563
24703,599.644736624002
24704,166.79865408297454
24705,577.503097171989
24706,1039.011915433584
24707,291.13674910906343
24708,234.5067324243053
24709,426.73380381738923
24710,118.93594164551543
24711,410.2597703830552
24712,739.201990522278
24713,207.1959047003182
24714,200.24999781523314
24715,363.5838749708385
24716,101.06902575900124
24717,349.8900460118872
24718,629.5446667474326
24719,176.4445726287266
24720,328.96070281925563
24721,599.644736624002
24722,166.79865408297454
24723,577.503097171989
24724,1039.011915433584
24725,291.13674910906343
24726,234.5067324243053
24727,426.73380381738923
24728,118.93594164551543
24729,410.2597703830552
24730,739.201990522278
24731,207.1959047003182
24732,200.24999781523314
24733,363.5838749708385
24734,101.06902575900124
24735,349.8900460118872
24736,629.5446667474326
24737,176.4445726287266
24738,328.96070281925563
24739,599.644736624002
24740,166.79865408297454
24741,577.503097171989
24742,1039.011915433584
24743,291.13674910906343
24744,234.5067324243053
24745,426.73380381738923
24746,118.93594164551543
24747,410.2597703830552
24748,739.201990522278
24749,207.1959047003182
24750,200.24999781523314
24751,363.5838749708385
24752,101.06902575900124
24753,349.8900460118872
24754,629.5446667474326
24755,176.4445726287266
24756,328.96070281925563
24757,599.644736624002
24758,166.79865408297454
24759,577.503097171989
24760,1039.011915433584
24761,291.13674910906343
24762,234.5067324243053
24763,426.73380381738923
24764,118.93594164551543
24765,410.2597703830552
24766,739.201990522278
24767,207.1959047003182
24768,200.24999781523314
24769,363.5838749708385
24770,101.06902575900124
24771,349.8900460118872
24772,629.5446667474326
24773,176.4445726287266
24774,328.96070281925563
24775,599.644736624002
24776,166.79865408297454
24777,577.503097171989
24778,1039.011915433584
24779,291.13674910906343
24780,234.5067324243053
24781,426.73380381738923
24782,118.93594164551543
24783,410.2597703830552
24784,739.201990522278
24785,207.1959047003182
24786,200.24999781523314
24787,363.5838749708385
24788,101.06902575900124
24789,349.8900460118872
24790,629.5446667474326
24791,176.4445726287266
24792,328.96070281925563
24793,599.644736624002
24794,166.79865408297454
24795,577.503097171989
24796,1039.011915433584
24797,291.13674910906343
24798,234.5067324243053
24799,426.73380381738923
24800,118.93594164551543
24801,410.2597703830552
24802,739.201990522278
24803,207.1959047003182
24804,200.24999781523314
24805,363.5838749708385
24806,101.06902575900124
24807,349.8900460118872
24808,629.5446667474326
24809,176.4445726287266
24810,328.96070281925563
24811,599.644736624002
24812,166.79865408297454
24813,577.503097171989
24814,1039.011915433584
24815,291.13674910906343
24816,234.5067324243053
24817,426.73380381738923
24818,118.93594164551543
24819,410.2597703830552
24820,739.201990522278
24821,207.1959047003182
24822,200.24999781523314
24823,363.5838749708385
24824,101.06902575900124
24825,349.8900460118872
24826,629.5446667474326
24827,176.4445726287266
24828,328.96070281925563
24829,599.644736624002
24830,166.79865408297454
24831,577.503097171989
24832,1039.011915433584
24833,291.13674910906343
24834,234.5067324243053
24835,426.73380381738923
24836,118.93594164551543
24837,410.2597703830552
24838,739.201990522278
24839,207.1959047003182
24840,200.24999781523314
24841,363.5838749708385
24842,101.06902575900124
24843,349.8900460118872
24844,629.5446667474326
24845,176.4445726287266
24846,328.96070281925563
24847,599.644736624002
24848,166.79865408297454
24849,577.503097171989
24850,1039.011915433584
24851,291.13674910906343
24852,234.5067324243053
24853,426.73380381738923
24854,118.93594164551543
24855,410.2597703830552
24856,739.201990522278
24857,207.1959047003182
24858,200.24999781523314
24859,363.5838749708385
24860,101.06902575900124
24861,349.8900460118872
24862,629.5446667474326
24863,176.4445726287266
24864,328.96070281925563
24865,599.644736624002
24866,166.79865408297454
24867,577.503097171989
24868,1039.011915433584
24869,291.13674910906343
24870,234.5067324243053
24871,426.73380381738923
24872,118.93594164551543
24873,410.2597703830552
24874,739.201990522278
24875,207.1959047003182
24876,200.24999781523314
24877,363.5838749708385
24878,101.06902575900124
24879,349.8900460118872
24880,629.5446667474326
24881,176.4445726287266
24882,328.96070281925563
24883,599.644736624002
24884,166.79865408297454
24885,577.503097171989
24886,1039.011915433584
24887,291.13674910906343
24888,234.5067324243053
24889,426.73380381738923
24890,118.93594164551543
24891,410.2597703830552
24892,739.201990522278
24893,207.1959047003182
24894,200.24999781523314
24895,363.5838749708385
24896,101.06902575900124
24897,349.8900460118872
24898,629.5446667474326
24899,176.4445726287266
24900,328.96070281925563
24901,599.644736624002
24902,166.79865408297454
24903,577.503097171989
24904,1039.011915433584
24905,291.13674910906343
24906,234.5067324243053
24907,426.73380381738923
24908,118.93594164551543
24909,410.2597703830552
24910,739.201990522278
24911,207.1959047003182
24912,200.24999781523314
24913,363.5838749708385
24914,101.06902575900124
24915,349.8900460118872
24916,629.5446667474326
24917,176.4445726287266
24918,328.96070281925563
24919,599.644736624002
24920,166.79865408297454
24921,577.503097171989
24922,1039.011915433584
24923,291.13674910906343
24924,234.5067324243053
24925,426.73380381738923
24926,118.93594164551543
24927,410.2597703830552
24928,739.201990522278
24929,207.1959047003182
24930,200.24999781523314
24931,363.5838749708385
24932,101.06902575900124
24933,349.8900460118872
24934,629.5446667474326
24935,176.4445726287266
24936,328.96070281925563
24937,599.644736624002
24938,166.79865408297454
24939,577.503097171989
24940,1039.011915433584
24941,291.13674910906343
24942,234.5067324243053
24943,426.73380381738923
24944,118.93594164551543
24945,410.2597703830552
24946,739.201990522278
24947,207.1959047003182
24948,200.24999781523314
24949,363.5838749708385
24950,101.06902575900124
24951,349.8900460118872
24952,629.5446667474326
24953,176.4445726287266
24954,328.96070281925563
24955,599.644736624002
24956,166.79865408297454
24957,577.503097171989
24958,1039.011915433584
24959,291.13674910906343
24960,234.5067324243053
24961,426.73380381738923
24962,118.93594164551543
24963,410.2597703830552
24964,739.201990522278
24965,207.1959047003182
24966,200.24999781523314
24967,363.5838749708385
24968,101.06902575900124
24969,349.8900460118872
24970,629.5446667474326
24971,176.4445726287266
24972,328.96070281925563
24973,599.644736624002
24974,166.79865408297454
24975,577.503097171989
24976,1039.011915433584
24977,291.13674910906343
24978,234.5067324243053
24979,426.73380381738923
24980,118.93594164551543
24981,410.2597703830552
24982,739.201990522278
24983,207.1959047003182
24984,200.24999781523314
24985,363.5838749708385
24986,101.06902575900124
24987,349.8900460118872
24988,629.5446667474326
24989,176.4445726287266
24990,328.96070281925563
24991,599.644736624002
24992,166.79865408297454
24993,577.503097171989
24994,1039.011915433584
24995,291.13674910906343
24996,234.5067324243053
24997,426.73380381738923
24998,118.93594164551543
24999,410.2597703830552
25000,739.201990522278
25001,207.1959047003182
25002,200.24999781523314
25003,363.5838749708385
25004,101.06902575900124
25005,349.8900460118872
25006,629.5446667474326
25007,176.4445726287266
25008,328.96070281925563
25009,599.644736624002
25010,166.79865408297454
25011,577.503097171989
25012,1039.011915433584
25013,291.13674910906343
25014,234.5067324243053
25015,426.73380381738923
25016,118.93594164551543
25017,410.2597703830552
25018,739.201990522278
25019,207.1959047003182
25020,200.24999781523314
25021,363.5838749708385
25022,101.06902575900124
25023,349.8900460118872
25024,629.5446667474326
25025,176.4445726287266
25026,328.96070281925563
25027,599.644736624002
25028,166.79865408297454
25029,577.503097171989
25030,1039.011915433584
25031,291.13674910906343
25032,234.5067324243053
25033,426.73380381738923
25034,118.93594164551543
25035,410.2597703830552
25036,739.201990522278
25037,207.1959047003182
25038,200.24999781523314
25039,363.5838749708385
25040,101.06902575900124
25041,349.8900460118872
25042,629.5446667474326
25043,176.4445726287266
25044,328.96070281925563
25045,599.644736624002
25046,166.79865408297454
25047,577.503097171989
25048,1039.011915433584
25049,291.13674910906343
25050,234.5067324243053
25051,426.73380381738923
25052,118.93594164551543
25053,410.2597703830552
25054,739.201990522278
25055,207.1959047003182
25056,200.24999781523314
25057,363.5838749708385
25058,101.06902575900124
25059,349.8900460118872
25060,629.5446667474326
25061,176.4445726287266
25062,328.96070281925563
25063,599.644736624002
25064,166.79865408297454
25065,577.503097171989
25066,1039.011915433584
25067,291.13674910906343
25068,234.5067324243053
25069,426.73380381738923
25070,118.93594164551543
25071,410.2597703830552
25072,739.201990522278
25073,207.1959047003182
25074,200.24999781523314
25075,363.5838749708385
25076,101.06902575900124
25077,349.8900460118872
25078,629.5446667474326
25079,176.4445726287266
25080,328.96070281925563
25081,599.644736624002
25082,166.79865408297454
25083,577.503097171989
25084,1039.011915433584
25085,291.13674910906343
25086,234.5067324243053
25087,426.73380381738923
25088,118.93594164551543
25089,410.2597703830552
25090,739.201990522278
25091,207.1959047003182
25092,200.24999781523314
25093,363.5838749708385
25094,101.06902575900124
25095,349.8900460118872
25096,629.5446667474326
25097,176.4445726287266
25098,328.96070281925563
25099,599.644736624002
25100,166.79865408297454
25101,577.503097171989
25102,1039.011915433584
25103,291.13674910906343
25104,234.5067324243053
25105,426.73380381738923
25106,118.93594164551543
25107,410.2597703830552
25108,739.201990522278
25109,207.1959047003182
25110,200.24999781523314
25111,363.5838749708385
25112,101.06902575900124
25113,349.8900460118872
25114,629.5446667474326
25115,176.4445726287266
25116,328.96070281925563
25117,599.644736624002
25118,166.79865408297454
25119,577.503097171989
25120,1039.011915433584
25121,291.13674910906343
25122,234.5067324243053
25123,426.73380381738923
25124,118.93594164551543
25125,410.2597703830552
25126,739.201990522278
25127,207.1959047003182
25128,200.24999781523314
25129,363.5838749708385
25130,101.06902575900124
25131,349.8900460118872
25132,629.5446667474326
25133,176.4445726287266
25134,328.96070281925563
25135,599.644736624002
25136,166.79865408297454
25137,577.503097171989
25138,1039.011915433584
25139,291.13674910906343
25140,234.5067324243053
25141,426.73380381738923
25142,118.93594164551543
25143,410.2597703830552
25144,739.201990522278
25145,207.1959047003182
25146,200.24999781523314
25147,363.5838749708385
25148,101.06902575900124
25149,349.8900460118872
25150,629.5446667474326
25151,176.4445726287266
25152,328.96070281925563
25153,599.644736624002
25154,166.79865408297454
25155,577.503097171989
25156,1039.011915433584
25157,291.13674910906343
25158,234.5067324243053
25159,426.73380381738923
25160,118.93594164551543
25161,410.2597703830552
25162,739.201990522278
25163,207.1959047003182
25164,200.24999781523314
25165,363.5838749708385
25166,101.06902575900124
25167,349.8900460118872
25168,629.5446667474326
25169,176.4445726287266
25170,328.96070281925563
25171,599.644736624002
25172,166.79865408297454
25173,577.503097171989
25174,1039.011915433584
25175,291.13674910906343
25176,234.5067324243053
25177,426.73380381738923
25178,118.93594164551543
25179,410.2597703830552
25180,739.201990522278
25181,207.1959047003182
25182,200.24999781523314
25183,363.5838749708385
25184,101.06902575900124
25185,349.8900460118872
25186,629.5446667474326
25187,176.4445726287266
25188,328.96070281925563
25189,599.644736624002
25190,166.79865408297454
25191,577.503097171989
25192,1039.011915433584
25193,291.13674910906343
25194,234.5067324243053
25195,426.73380381738923
25196,118.93594164551543
25197,410.2597703830552
25198,739.201990522278
25199,207.1959047003182
25200,200.24999781523314
25201,363.5838749708385
25202,101.06902575900124
25203,349.8900460118872
25204,629.5446667474326
25205,176.4445726287266
25206,328.96070281925563
25207,599.644736624002
25208,166.79865408297454
25209,577.503097171989
25210,1039.011915433584
25211,291.13674910906343
25212,234.5067324243053
25213,426.73380381738923
25214,118.93594164551543
25215,410.2597703830552
25216,739.201990522278
25217,207.1959047003182
25218,200.24999781523314
25219,363.5838749708385
25220,101.06902575900124
25221,349.8900460118872
25222,629.5446667474326
25223,176.4445726287266
25224,328.96070281925563
25225,599.644736624002
25226,166.79865408297454
25227,577.503097171989
25228,1039.011915433584
25229,291.13674910906343
25230,234.5067324243053
25231,426.73380381738923
25232,118.93594164551543
25233,410.2597703830552
25234,739.201990522278
25235,207.1959047003182
25236,200.24999781523314
25237,363.5838749708385
25238,101.06902575900124
25239,349.8900460118872
25240,629.5446667474326
25241,176.4445726287266
25242,328.96070281925563
25243,599.644736624002
25244,166.79865408297454
25245,577.503097171989
25246,1039.011915433584
25247,291.13674910906343
25248,234.5067324243053
25249,426.73380381738923
25250,118.93594164551543
25251,410.2597703830552
25252,739.201990522278
25253,207.1959047003182
25254,200.24999781523314
25255,363.5838749708385
25256,101.06902575900124
25257,349.8900460118872
25258,629.5446667474326
25259,176.4445726287266
25260,328.96070281925563
25261,599.644736624002
25262,166.79865408297454
25263,577.503097171989
25264,1039.011915433584
25265,291.13674910906343
25266,234.5067324243053
25267,426.73380381738923
25268,118.93594164551543
25269,410.2597703830552
25270,739.201990522278
25271,207.1959047003182
25272,200.24999781523314
25273,363.5838749708385
25274,101.06902575900124
25275,349.8900460118872
25276,629.5446667474326
25277,176.4445726287266
25278,328.96070281925563
25279,599.644736624002
25280,166.79865408297454
25281,577.503097171989
25282,1039.011915433584
25283,291.13674910906343
25284,234.5067324243053
25285,426.73380381738923
25286,118.93594164551543
25287,410.2597703830552
25288,739.201990522278
25289,207.1959047003182
25290,200.24999781523314
25291,363.5838749708385
25292,101.06902575900124
25293,349.8900460118872
25294,629.5446667474326
25295,176.4445726287266
25296,328.96070281925563
25297,599.644736624002
25298,166.79865408297454
25299,577.503097171989
25300,1039.011915433584
25301,291.13674910906343
25302,234.5067324243053
25303,426.73380381738923
25304,118.93594164551543
25305,410.2597703830552
25306,739.201990522278
25307,207.1959047003182
25308,200.24999781523314
25309,363.5838749708385
25310,101.06902575900124
25311,349.8900460118872
25312,629.5446667474326
25313,176.4445726287266
25314,328.96070281925563
25315,599.644736624002
25316,166.79865408297454
25317,577.503097171989
25318,1039.011915433584
25319,291.13674910906343
25320,234.5067324243053
25321,426.73380381738923
25322,118.93594164551543
25323,410.2597703830552
25324,739.201990522278
25325,207.1959047003182
25326,200.24999781523314
25327,363.5838749708385
25328,101.06902575900124
25329,349.8900460118872
25330,629.5446667474326
25331,176.4445726287266
25332,328.96070281925563
25333,599.644736624002
25334,166.79865408297454
25335,577.503097171989
25336,1039.011915433584
25337,291.13674910906343
25338,234.5067324243053
25339,426.73380381738923
25340,118.93594164551543
25341,410.2597703830552
25342,739.201990522278
25343,207.1959047003182
25344,200.24999781523314
25345,363.5838749708385
25346,101.06902575900124
25347,349.8900460118872
25348,629.5446667474326
25349,176.4445726287266
25350,328.96070281925563
25351,599.644736624002
25352,166.79865408297454
25353,577.503097171989
25354,1039.011915433584
25355,291.13674910906343
25356,234.5067324243053
25357,426.73380381738923
25358,118.93594164551543
25359,410.2597703830552
25360,739.201990522278
25361,207.1959047003182
25362,200.24999781523314
25363,363.5838749708385
25364,101.06902575900124
25365,349.8900460118872
25366,629.5446667474326
25367,176.4445726287266
25368,328.96070281925563
25369,599.644736624002
25370,166.79865408297454
25371,577.503097171989
25372,1039.011915433584
25373,291.13674910906343
25374,234.5067324243053
25375,426.73380381738923
25376,118.93594164551543
25377,410.2597703830552
25378,739.201990522278
25379,207.1959047003182
25380,200.24999781523314
25381,363.5838749708385
25382,101.06902575900124
25383,349.8900460118872
25384,629.5446667474326
25385,176.4445726287266
25386,328.96070281925563
25387,599.644736624002
25388,166.79865408297454
25389,577.503097171989
25390,1039.011915433584
25391,291.13674910906343
25392,234.5067324243053
25393,426.73380381738923
25394,118.93594164551543
25395,410.2597703830552
25396,739.201990522278
25397,207.1959047003182
25398,200.24999781523314
25399,363.5838749708385
25400,101.06902575900124
25401,349.8900460118872
25402,629.5446667474326
25403,176.4445726287266
25404,328.96070281925563
25405,599.644736624002
25406,166.79865408297454
25407,577.503097171989
25408,1039.011915433584
25409,291.13674910906343
25410,234.5067324243053
25411,426.73380381738923
25412,118.93594164551543
25413,410.2597703830552
25414,739.201990522278
25415,207.1959047003182
25416,200.24999781523314
25417,363.5838749708385
25418,101.06902575900124
25419,349.8900460118872
25420,629.5446667474326
25421,176.4445726287266
25422,328.96070281925563
25423,599.644736624002
25424,166.79865408297454
25425,577.503097171989
25426,1039.011915433584
25427,291.13674910906343
25428,234.5067324243053
25429,426.73380381738923
25430,118.93594164551543
25431,410.2597703830552
25432,739.201990522278
25433,207.1959047003182
25434,200.24999781523314
25435,363.5838749708385
25436,101.06902575900124
25437,349.8900460118872
25438,629.5446667474326
25439,176.4445726287266
25440,328.96070281925563
25441,599.644736624002
25442,166.79865408297454
25443,577.503097171989
25444,1039.011915433584
25445,291.13674910906343
25446,234.5067324243053
25447,426.73380381738923
25448,118.93594164551543
25449,410.2597703830552
25450,739.201990522278
25451,207.1959047003182
25452,200.24999781523314
25453,363.5838749708385
25454,101.06902575900124
25455,349.8900460118872
25456,629.5446667474326
25457,176.4445726287266
25458,328.96070281925563
25459,599.644736624002
25460,166.79865408297454
25461,577.503097171989
25462,1039.011915433584
25463,291.13674910906343
25464,234.5067324243053
25465,426.73380381738923
25466,118.93594164551543
25467,410.2597703830552
25468,739.201990522278
25469,207.1959047003182
25470,200.24999781523314
25471,363.5838749708385
25472,101.06902575900124
25473,349.8900460118872
25474,629.5446667474326
25475,176.4445726287266
25476,328.96070281925563
25477,599.644736624002
25478,166.79865408297454
25479,577.503097171989
25480,1039.011915433584
25481,291.13674910906343
25482,234.5067324243053
25483,426.73380381738923
25484,118.93594164551543
25485,410.2597703830552
25486,739.201990522278
25487,207.1959047003182
25488,200.24999781523314
25489,363.5838749708385
25490,101.06902575900124
25491,349.8900460118872
25492,629.5446667474326
25493,176.4445726287266
25494,328.96070281925563
25495,599.644736624002
25496,166.79865408297454
25497,577.503097171989
25498,1039.011915433584
25499,291.13674910906343
25500,234.5067324243053
25501,426.73380381738923
25502,118.93594164551543
25503,410.2597703830552
25504,739.201990522278
25505,207.1959047003182
25506,200.24999781523314
25507,363.5838749708385
25508,101.06902575900124
25509,349.8900460118872
25510,629.5446667474326
25511,176.4445726287266
25512,328.96070281925563
25513,599.644736624002
25514,166.79865408297454
25515,577.503097171989
25516,1039.011915433584
25517,291.13674910906343
25518,234.5067324243053
25519,426.73380381738923
25520,118.93594164551543
25521,410.2597703830552
25522,739.201990522278
25523,207.1959047003182
25524,200.24999781523314
25525,363.5838749708385
25526,101.06902575900124
25527,349.8900460118872
25528,629.5446667474326
25529,176.4445726287266
25530,328.96070281925563
25531,599.644736624002
25532,166.79865408297454
25533,577.503097171989
25534,1039.011915433584
25535,291.13674910906343
25536,234.5067324243053
25537,426.73380381738923
25538,118.93594164551543
25539,410.2597703830552
25540,739.201990522278
25541,207.1959047003182
25542,200.24999781523314
25543,363.5838749708385
25544,101.06902575900124
25545,349.8900460118872
25546,629.5446667474326
25547,176.4445726287266
25548,328.96070281925563
25549,599.644736624002
25550,166.79865408297454
25551,577.503097171989
25552,1039.011915433584
25553,291.13674910906343
25554,234.5067324243053
25555,426.73380381738923
25556,118.93594164551543
25557,410.2597703830552
25558,739.201990522278
25559,207.1959047003182
25560,200.24999781523314
25561,363.5838749708385
25562,101.06902575900124
25563,349.8900460118872
25564,629.5446667474326
25565,176.4445726287266
25566,328.96070281925563
25567,599.644736624002
25568,166.79865408297454
25569,577.503097171989
25570,1039.011915433584
25571,291.13674910906343
25572,234.5067324243053
25573,426.73380381738923
25574,118.93594164551543
25575,410.2597703830552
25576,739.201990522278
25577,207.1959047003182
25578,200.24999781523314
25579,363.5838749708385
25580,101.06902575900124
25581,349.8900460118872
25582,629.5446667474326
25583,176.4445726287266
25584,328.96070281925563
25585,599.644736624002
25586,166.79865408297454
25587,577.503097171989
25588,1039.011915433584
25589,291.13674910906343
25590,234.5067324243053
25591,426.73380381738923
25592,118.93594164551543
25593,410.2597703830552
25594,739.201990522278
25595,207.1959047003182
25596,200.24999781523314
25597,363.5838749708385
25598,101.06902575900124
25599,349.8900460118872
25600,629.5446667474326
25601,176.4445726287266
25602,328.96070281925563
25603,599.644736624002
25604,166.79865408297454
25605,577.503097171989
25606,1039.011915433584
25607,291.13674910906343
25608,234.5067324243053
25609,426.73380381738923
25610,118.93594164551543
25611,410.2597703830552
25612,739.201990522278
25613,207.1959047003182
25614,200.24999781523314
25615,363.5838749708385
25616,101.06902575900124
25617,349.8900460118872
25618,629.5446667474326
25619,176.4445726287266
25620,328.96070281925563
25621,599.644736624002
25622,166.79865408297454
25623,577.503097171989
25624,1039.011915433584
25625,291.13674910906343
25626,234.5067324243053
25627,426.73380381738923
25628,118.93594164551543
25629,410.2597703830552
25630,739.201990522278
25631,207.1959047003182
25632,200.24999781523314
25633,363.5838749708385
25634,101.06902575900124
25635,349.8900460118872
25636,629.5446667474326
25637,176.4445726287266
25638,328.96070281925563
25639,599.644736624002
25640,166.79865408297454
25641,577.503097171989
25642,1039.011915433584
25643,291.13674910906343
25644,234.5067324243053
25645,426.73380381738923
25646,118.93594164551543
25647,410.2597703830552
25648,739.201990522278
25649,207.1959047003182
25650,200.24999781523314
25651,363.5838749708385
25652,101.06902575900124
25653,349.8900460118872
25654,629.5446667474326
25655,176.4445726287266
25656,328.96070281925563
25657,599.644736624002
25658,166.79865408297454
25659,577.503097171989
25660,1039.011915433584
25661,291.13674910906343
25662,234.5067324243053
25663,426.73380381738923
25664,118.93594164551543
25665,410.2597703830552
25666,739.201990522278
25667,207.1959047003182
25668,200.24999781523314
25669,363.5838749708385
25670,101.06902575900124
25671,349.8900460118872
25672,629.5446667474326
25673,176.4445726287266
25674,328.96070281925563
25675,599.644736624002
25676,166.79865408297454
25677,577.503097171989
25678,1039.011915433584
25679,291.13674910906343
25680,234.5067324243053
25681,426.73380381738923
25682,118.93594164551543
25683,410.2597703830552
25684,739.201990522278
25685,207.1959047003182
25686,200.24999781523314
25687,363.5838749708385
25688,101.06902575900124
25689,349.8900460118872
25690,629.5446667474326
25691,176.4445726287266
25692,328.96070281925563
25693,599.644736624002
25694,166.79865408297454
25695,577.503097171989
25696,1039.011915433584
25697,291.13674910906343
25698,234.5067324243053
25699,426.73380381738923
25700,118.93594164551543
25701,410.2597703830552
25702,739.201990522278
25703,207.1959047003182
25704,200.24999781523314
25705,363.5838749708385
25706,101.06902575900124
25707,349.8900460118872
25708,629.5446667474326
25709,176.4445726287266
25710,328.96070281925563
25711,599.644736624002
25712,166.79865408297454
25713,577.503097171989
25714,1039.011915433584
25715,291.13674910906343
25716,234.5067324243053
25717,426.73380381738923
25718,118.93594164551543
25719,410.2597703830552
25720,739.201990522278
25721,207.1959047003182
25722,200.24999781523314
25723,363.5838749708385
25724,101.06902575900124
25725,349.8900460118872
25726,629.5446667474326
25727,176.4445726287266
25728,328.96070281925563
25729,599.644736624002
25730,166.79865408297454
25731,577.503097171989
25732,1039.011915433584
25733,291.13674910906343
25734,234.5067324243053
25735,426.73380381738923
25736,118.93594164551543
25737,410.2597703830552
25738,739.201990522278
25739,207.1959047003182
25740,200.24999781523314
25741,363.5838749708385
25742,101.06902575900124
25743,349.8900460118872
25744,629.5446667474326
25745,176.4445726287266
25746,328.96070281925563
25747,599.644736624002
25748,166.79865408297454
25749,577.503097171989
25750,1039.011915433584
25751,291.13674910906343
25752,234.5067324243053
25753,426.73380381738923
25754,118.93594164551543
25755,410.2597703830552
25756,739.201990522278
25757,207.1959047003182
25758,200.24999781523314
25759,363.5838749708385
25760,101.06902575900124
25761,349.8900460118872
25762,629.5446667474326
25763,176.4445726287266
25764,328.96070281925563
25765,599.644736624002
25766,166.79865408297454
25767,577.503097171989
25768,1039.011915433584
25769,291.13674910906343
25770,234.5067324243053
25771,426.73380381738923
25772,118.93594164551543
25773,410.2597703830552
25774,739.201990522278
25775,207.1959047003182
25776,200.24999781523314
25777,363.5838749708385
25778,101.06902575900124
25779,349.8900460118872
25780,629.5446667474326
25781,176.4445726287266
25782,328.96070281925563
25783,599.644736624002
25784,166.79865408297454
25785,577.503097171989
25786,1039.011915433584
25787,291.13674910906343
25788,234.5067324243053
25789,426.73380381738923
25790,118.93594164551543
25791,410.2597703830552
25792,739.201990522278
25793,207.1959047003182
25794,200.24999781523314
25795,363.5838749708385
25796,101.06902575900124
25797,349.8900460118872
25798,629.5446667474326
25799,176.4445726287266
25800,328.96070281925563
25801,599.644736624002
25802,166.79865408297454
25803,577.503097171989
25804,1039.011915433584
25805,291.13674910906343
25806,234.5067324243053
25807,426.73380381738923
25808,118.93594164551543
25809,410.2597703830552
25810,739.201990522278
25811,207.1959047003182
25812,200.24999781523314
25813,363.5838749708385
25814,101.06902575900124
25815,349.8900460118872
25816,629.5446667474326
25817,176.4445726287266
25818,328.96070281925563
25819,599.644736624002
25820,166.79865408297454
25821,577.503097171989
25822,1039.011915433584
25823,291.13674910906343
25824,234.5067324243053
25825,426.73380381738923
25826,118.93594164551543
25827,410.2597703830552
25828,739.201990522278
25829,207.1959047003182
25830,200.24999781523314
25831,363.5838749708385
25832,101.06902575900124
25833,349.8900460118872
25834,629.5446667474326
25835,176.4445726287266
25836,328.96070281925563
25837,599.644736624002
25838,166.79865408297454
25839,577.503097171989
25840,1039.011915433584
25841,291.13674910906343
25842,234.5067324243053
25843,426.73380381738923
25844,118.93594164551543
25845,410.2597703830552
25846,739.201990522278
25847,207.1959047003182
25848,200.24999781523314
25849,363.5838749708385
25850,101.06902575900124
25851,349.8900460118872
25852,629.5446667474326
25853,176.4445726287266
25854,328.96070281925563
25855,599.644736624002
25856,166.79865408297454
25857,577.503097171989
25858,1039.011915433584
25859,291.13674910906343
25860,234.5067324243053
25861,426.73380381738923
25862,118.93594164551543
25863,410.2597703830552
25864,739.201990522278
25865,207.1959047003182
25866,200.24999781523314
25867,363.5838749708385
25868,101.06902575900124
25869,349.8900460118872
25870,629.5446667474326
25871,176.4445726287266
25872,328.96070281925563
25873,599.644736624002
25874,166.79865408297454
25875,577.503097171989
25876,1039.011915433584
25877,291.13674910906343
25878,234.5067324243053
25879,426.73380381738923
25880,118.93594164551543
25881,410.2597703830552
25882,739.201990522278
25883,207.1959047003182
25884,200.24999781523314
25885,363.5838749708385
25886,101.06902575900124
25887,349.8900460118872
25888,629.5446667474326
25889,176.4445726287266
25890,328.96070281925563
25891,599.644736624002
25892,166.79865408297454
25893,577.503097171989
25894,1039.011915433584
25895,291.13674910906343
25896,234.5067324243053
25897,426.73380381738923
25898,118.93594164551543
25899,410.2597703830552
25900,739.201990522278
25901,207.1959047003182
25902,200.24999781523314
25903,363.5838749708385
25904,101.06902575900124
25905,349.8900460118872
25906,629.5446667474326
25907,176.4445726287266
25908,328.96070281925563
25909,599.644736624002
25910,166.79865408297454
25911,577.503097171989
25912,1039.011915433584
25913,291.13674910906343
25914,234.5067324243053
25915,426.73380381738923
25916,118.93594164551543
25917,410.2597703830552
25918,739.201990522278
25919,207.1959047003182
25920,200.24999781523314
25921,363.5838749708385
25922,101.06902575900124
25923,349.8900460118872
25924,629.5446667474326
25925,176.4445726287266
25926,328.96070281925563
25927,599.644736624002
25928,166.79865408297454
25929,577.503097171989
25930,1039.011915433584
25931,291.13674910906343
25932,234.5067324243053
25933,426.73380381738923
25934,118.93594164551543
25935,410.2597703830552
25936,739.201990522278
25937,207.1959047003182
25938,200.24999781523314
25939,363.5838749708385
25940,101.06902575900124
25941,349.8900460118872
25942,629.5446667474326
25943,176.4445726287266
25944,328.96070281925563
25945,599.644736624002
25946,166.79865408297454
25947,577.503097171989
25948,1039.011915433584
25949,291.13674910906343
25950,234.5067324243053
25951,426.73380381738923
25952,118.93594164551543
25953,410.2597703830552
25954,739.201990522278
25955,207.1959047003182
25956,200.24999781523314
25957,363.5838749708385
25958,101.06902575900124
25959,349.8900460118872
25960,629.5446667474326
25961,176.4445726287266
25962,328.96070281925563
25963,599.644736624002
25964,166.79865408297454
25965,577.503097171989
25966,1039.011915433584
25967,291.13674910906343
25968,234.5067324243053
25969,426.73380381738923
25970,118.93594164551543
25971,410.2597703830552
25972,739.201990522278
25973,207.1959047003182
25974,200.24999781523314
25975,363.5838749708385
25976,101.06902575900124
25977,349.8900460118872
25978,629.5446667474326
25979,176.4445726287266
25980,328.96070281925563
25981,599.644736624002
25982,166.79865408297454
25983,577.503097171989
25984,1039.011915433584
25985,291.13674910906343
25986,234.5067324243053
25987,426.73380381738923
25988,118.93594164551543
25989,410.2597703830552
25990,739.201990522278
25991,207.1959047003182
25992,200.24999781523314
25993,363.5838749708385
25994,101.06902575900124
25995,349.8900460118872
25996,629.5446667474326
25997,176.4445726287266
25998,328.96070281925563
25999,599.644736624002
26000,166.79865408297454
26001,577.503097171989
26002,1039.011915433584
26003,291.13674910906343
26004,234.5067324243053
26005,426.73380381738923
26006,118.93594164551543
26007,410.2597703830552
26008,739.201990522278
26009,207.1959047003182
26010,200.24999781523314
26011,363.5838749708385
26012,101.06902575900124
26013,349.8900460118872
26014,629.5446667474326
26015,176.4445726287266
26016,328.96070281925563
26017,599.644736624002
26018,166.79865408297454
26019,577.503097171989
26020,1039.011915433584
26021,291.13674910906343
26022,234.5067324243053
26023,426.73380381738923
26024,118.93594164551543
26025,410.2597703830552
26026,739.201990522278
26027,207.1959047003182
26028,200.24999781523314
26029,363.5838749708385
26030,101.06902575900124
26031,349.8900460118872
26032,629.5446667474326
26033,176.4445726287266
26034,328.96070281925563
26035,599.644736624002
26036,166.79865408297454
26037,577.503097171989
26038,1039.011915433584
26039,291.13674910906343
26040,234.5067324243053
26041,426.73380381738923
26042,118.93594164551543
26043,410.2597703830552
26044,739.201990522278
26045,207.1959047003182
26046,200.24999781523314
26047,363.5838749708385
26048,101.06902575900124
26049,349.8900460118872
26050,629.5446667474326
26051,176.4445726287266
26052,328.96070281925563
26053,599.644736624002
26054,166.79865408297454
26055,577.503097171989
26056,1039.011915433584
26057,291.13674910906343
26058,234.5067324243053
26059,426.73380381738923
26060,118.93594164551543
26061,410.2597703830552
26062,739.201990522278
26063,207.1959047003182
26064,200.24999781523314
26065,363.5838749708385
26066,101.06902575900124
26067,349.8900460118872
26068,629.5446667474326
26069,176.4445726287266
26070,328.96070281925563
26071,599.644736624002
26072,166.79865408297454
26073,577.503097171989
26074,1039.011915433584
26075,291.13674910906343
26076,234.5067324243053
26077,426.73380381738923
26078,118.93594164551543
26079,410.2597703830552
26080,739.201990522278
26081,207.1959047003182
26082,200.24999781523314
26083,363.5838749708385
26084,101.06902575900124
26085,349.8900460118872
26086,629.5446667474326
26087,176.4445726287266
26088,328.96070281925563
26089,599.644736624002
26090,166.79865408297454
26091,577.503097171989
26092,1039.011915433584
26093,291.13674910906343
26094,234.5067324243053
26095,426.73380381738923
26096,118.93594164551543
26097,410.2597703830552
26098,739.201990522278
26099,207.1959047003182
26100,200.24999781523314
26101,363.5838749708385
26102,101.06902575900124
26103,349.8900460118872
26104,629.5446667474326
26105,176.4445726287266
26106,328.96070281925563
26107,599.644736624002
26108,166.79865408297454
26109,577.503097171989
26110,1039.011915433584
26111,291.13674910906343
26112,234.5067324243053
26113,426.73380381738923
26114,118.93594164551543
26115,410.2597703830552
26116,739.201990522278
26117,207.1959047003182
26118,200.24999781523314
26119,363.5838749708385
26120,101.06902575900124
26121,349.8900460118872
26122,629.5446667474326
26123,176.4445726287266
26124,328.96070281925563
26125,599.644736624002
26126,166.79865408297454
26127,577.503097171989
26128,1039.011915433584
26129,291.13674910906343
26130,234.5067324243053
26131,426.73380381738923
26132,118.93594164551543
26133,410.2597703830552
26134,739.201990522278
26135,207.1959047003182
26136,200.24999781523314
26137,363.5838749708385
26138,101.06902575900124
26139,349.8900460118872
26140,629.5446667474326
26141,176.4445726287266
26142,328.96070281925563
26143,599.644736624002
26144,166.79865408297454
26145,577.503097171989
26146,1039.011915433584
26147,291.13674910906343
26148,234.5067324243053
26149,426.73380381738923
26150,118.93594164551543
26151,410.2597703830552
26152,739.201990522278
26153,207.1959047003182
26154,200.24999781523314
26155,363.5838749708385
26156,101.06902575900124
26157,349.8900460118872
26158,629.5446667474326
26159,176.4445726287266
26160,328.96070281925563
26161,599.644736624002
26162,166.79865408297454
26163,577.503097171989
26164,1039.011915433584
26165,291.13674910906343
26166,234.5067324243053
26167,426.73380381738923
26168,118.93594164551543
26169,410.2597703830552
26170,739.201990522278
26171,207.1959047003182
26172,200.24999781523314
26173,363.5838749708385
26174,101.06902575900124
26175,349.8900460118872
26176,629.5446667474326
26177,176.4445726287266
26178,328.96070281925563
26179,599.644736624002
26180,166.79865408297454
26181,577.503097171989
26182,1039.011915433584
26183,291.13674910906343
26184,234.5067324243053
26185,426.73380381738923
26186,118.93594164551543
26187,410.2597703830552
26188,739.201990522278
26189,207.1959047003182
26190,200.24999781523314
26191,363.5838749708385
26192,101.06902575900124
26193,349.8900460118872
26194,629.5446667474326
26195,176.4445726287266
26196,328.96070281925563
26197,599.644736624002
26198,166.79865408297454
26199,577.503097171989
26200,1039.011915433584
26201,291.13674910906343
26202,234.5067324243053
26203,426.73380381738923
26204,118.93594164551543
26205,410.2597703830552
26206,739.201990522278
26207,207.1959047003182
26208,200.24999781523314
26209,363.5838749708385
26210,101.06902575900124
26211,349.8900460118872
26212,629.5446667474326
26213,176.4445726287266
26214,328.96070281925563
26215,599.644736624002
26216,166.79865408297454
26217,577.503097171989
26218,1039.011915433584
26219,291.13674910906343
26220,234.5067324243053
26221,426.73380381738923
26222,118.93594164551543
26223,410.2597703830552
26224,739.201990522278
26225,207.1959047003182
26226,200.24999781523314
26227,363.5838749708385
26228,101.06902575900124
26229,349.8900460118872
26230,629.5446667474326
26231,176.4445726287266
26232,328.96070281925563
26233,599.644736624002
26234,166.79865408297454
26235,577.503097171989
26236,1039.011915433584
26237,291.13674910906343
26238,234.5067324243053
26239,426.73380381738923
26240,118.93594164551543
26241,410.2597703830552
26242,739.201990522278
26243,207.1959047003182
26244,200.24999781523314
26245,363.5838749708385
26246,101.06902575900124
26247,349.8900460118872
26248,629.5446667474326
26249,176.4445726287266
26250,328.96070281925563
26251,599.644736624002
26252,166.79865408297454
26253,577.503097171989
26254,1039.011915433584
26255,291.13674910906343
26256,234.5067324243053
26257,426.73380381738923
26258,118.93594164551543
26259,410.2597703830552
26260,739.201990522278
26261,207.1959047003182
26262,200.24999781523314
26263,363.5838749708385
26264,101.06902575900124
26265,349.8900460118872
26266,629.5446667474326
26267,176.4445726287266
26268,328.96070281925563
26269,599.644736624002
26270,166.79865408297454
26271,577.503097171989
26272,1039.011915433584
26273,291.13674910906343
26274,234.5067324243053
26275,426.73380381738923
26276,118.93594164551543
26277,410.2597703830552
26278,739.201990522278
26279,207.1959047003182
26280,200.24999781523314
26281,363.5838749708385
26282,101.06902575900124
26283,349.8900460118872
26284,629.5446667474326
26285,176.4445726287266
26286,328.96070281925563
26287,599.644736624002
26288,166.79865408297454
26289,577.503097171989
26290,1039.011915433584
26291,291.13674910906343
26292,234.5067324243053
26293,426.73380381738923
26294,118.93594164551543
26295,410.2597703830552
26296,739.201990522278
26297,207.1959047003182
